{
"type": "FeatureCollection",
"name": "pipa",
"crs": { "type": "name", "properties": { "name": "urn:ogc:def:crs:OGC:1.3:CRS84" } },
"features": [
{ "type": "Feature", "properties": { "id": 5, "diameter": 2.0, "jenis": "PVC", "length": 102.95, "kedalaman": null, "tahun_pasa": null, "tanggal_pa": null, "pelaksana": null, "sumber_dan": null, "jenis_jari": null, "as_built_d": "http://192.168.1.2/fotogis/asbuilt/pipa_pipa_terpasang/", "file_as_bu": null, "narasumber": null, "sumber_air": null, "lasteditby": "postgres", "valid": null, "keterangan": null }, "geometry": { "type": "MultiLineString", "coordinates": [ [ [ 102.425614762914805, -1.460974824250117 ], [ 102.425568630377896, -1.460745101807737 ], [ 102.425509419481202, -1.460445515593543 ], [ 102.425467533930401, -1.460242269910244 ], [ 102.425437966748802, -1.460067444171228 ] ] ] } },
{ "type": "Feature", "properties": { "id": 133, "diameter": 3.0, "jenis": "PVC", "length": 512.1, "kedalaman": null, "tahun_pasa": null, "tanggal_pa": null, "pelaksana": null, "sumber_dan": null, "jenis_jari": null, "as_built_d": "http://192.168.1.2/fotogis/asbuilt/pipa_pipa_terpasang/", "file_as_bu": null, "narasumber": null, "sumber_air": null, "lasteditby": "mustofa", "valid": null, "keterangan": null }, "geometry": { "type": "MultiLineString", "coordinates": [ [ [ 102.445651114017593, -1.465870955036903 ], [ 102.445539237908207, -1.465364911534272 ], [ 102.445214226554697, -1.463955172458852 ], [ 102.445106677377396, -1.463598918279281 ], [ 102.445195830650704, -1.463313384168334 ], [ 102.445125250686701, -1.463054370684102 ], [ 102.445050127197206, -1.462853067702972 ], [ 102.445314042818595, -1.462594012051008 ], [ 102.445715650556494, -1.462282580380748 ], [ 102.4463030089141, -1.462152579692396 ] ] ] } },
{ "type": "Feature", "properties": { "id": 134, "diameter": 3.0, "jenis": "PVC", "length": 100.78, "kedalaman": null, "tahun_pasa": null, "tanggal_pa": null, "pelaksana": null, "sumber_dan": null, "jenis_jari": null, "as_built_d": "http://192.168.1.2/fotogis/asbuilt/pipa_pipa_terpasang/", "file_as_bu": null, "narasumber": null, "sumber_air": null, "lasteditby": "postgres", "valid": null, "keterangan": null }, "geometry": { "type": "MultiLineString", "coordinates": [ [ [ 102.422350609759107, -1.465747971700603 ], [ 102.422670115708797, -1.46575438033484 ], [ 102.422918368741506, -1.465757637469902 ], [ 102.423255692701403, -1.465748710506618 ] ] ] } },
{ "type": "Feature", "properties": { "id": 135, "diameter": 3.0, "jenis": "PVC", "length": 98.76, "kedalaman": null, "tahun_pasa": null, "tanggal_pa": null, "pelaksana": null, "sumber_dan": null, "jenis_jari": null, "as_built_d": "http://192.168.1.2/fotogis/asbuilt/pipa_pipa_terpasang/", "file_as_bu": null, "narasumber": null, "sumber_air": null, "lasteditby": "postgres", "valid": null, "keterangan": null }, "geometry": { "type": "MultiLineString", "coordinates": [ [ [ 102.422364908435497, -1.466019982537854 ], [ 102.422555909531894, -1.466023302136784 ], [ 102.422842129747593, -1.466023376785421 ], [ 102.423252065078898, -1.466025482395616 ] ] ] } },
{ "type": "Feature", "properties": { "id": 139, "diameter": 3.0, "jenis": "PVC", "length": 90.5, "kedalaman": null, "tahun_pasa": null, "tanggal_pa": null, "pelaksana": null, "sumber_dan": null, "jenis_jari": null, "as_built_d": "http://192.168.1.2/fotogis/asbuilt/pipa_pipa_terpasang/", "file_as_bu": null, "narasumber": null, "sumber_air": null, "lasteditby": "postgres", "valid": null, "keterangan": null }, "geometry": { "type": "MultiLineString", "coordinates": [ [ [ 102.422297686707296, -1.465682632185592 ], [ 102.421983201298303, -1.465508894949498 ], [ 102.421587671855505, -1.465286834465864 ] ] ] } },
{ "type": "Feature", "properties": { "id": 28, "diameter": 2.0, "jenis": "PVC", "length": 168.65, "kedalaman": null, "tahun_pasa": null, "tanggal_pa": null, "pelaksana": null, "sumber_dan": null, "jenis_jari": null, "as_built_d": "http://192.168.1.2/fotogis/asbuilt/pipa_pipa_terpasang/", "file_as_bu": null, "narasumber": null, "sumber_air": null, "lasteditby": "mustofa", "valid": null, "keterangan": null }, "geometry": { "type": "MultiLineString", "coordinates": [ [ [ 102.434494577328294, -1.466762334240719 ], [ 102.434371258104505, -1.46674545243513 ], [ 102.434049021715097, -1.466722925284286 ], [ 102.433815019750696, -1.466705397006744 ], [ 102.432992168494295, -1.466576700040689 ] ] ] } },
{ "type": "Feature", "properties": { "id": 132, "diameter": 3.0, "jenis": "PVC", "length": 1596.36, "kedalaman": null, "tahun_pasa": null, "tanggal_pa": null, "pelaksana": null, "sumber_dan": null, "jenis_jari": null, "as_built_d": "http://192.168.1.2/fotogis/asbuilt/pipa_pipa_terpasang/", "file_as_bu": null, "narasumber": null, "sumber_air": null, "lasteditby": "mustofa", "valid": null, "keterangan": null }, "geometry": { "type": "MultiLineString", "coordinates": [ [ [ 102.447709499564795, -1.47921526125175 ], [ 102.447777680413296, -1.47889592434525 ], [ 102.447896373130106, -1.478581117400393 ], [ 102.448029667296396, -1.478248916759101 ], [ 102.448157161087494, -1.477898588106007 ], [ 102.448280011473898, -1.477592440141117 ], [ 102.448416834714294, -1.477256519504854 ], [ 102.448539433093202, -1.476923391604279 ], [ 102.448650771488005, -1.476594410001872 ], [ 102.448779375404101, -1.476230668307766 ], [ 102.448922797568102, -1.475829599814504 ], [ 102.449048431958701, -1.475493157302118 ], [ 102.449165614421403, -1.475161662953121 ], [ 102.449599869117236, -1.473980998360196 ], [ 102.449683182991194, -1.473715589207331 ], [ 102.449723580001603, -1.473305431729862 ], [ 102.449737635088937, -1.472847693040206 ], [ 102.449730568031242, -1.472498799608961 ], [ 102.449612053126344, -1.472136199438595 ], [ 102.449443894403402, -1.471742138694364 ], [ 102.449345257713503, -1.471393378397173 ], [ 102.449195561498897, -1.470453030737471 ], [ 102.44912382087611, -1.469531773457022 ], [ 102.448995387608079, -1.468787689285058 ], [ 102.448803200963283, -1.467877945525831 ], [ 102.44861875568732, -1.466869004402817 ], [ 102.448431458422803, -1.465959674226192 ], [ 102.448409265210302, -1.465832395087801 ], [ 102.448347189337497, -1.465485691019223 ], [ 102.448331012919496, -1.465386381006008 ] ] ] } },
{ "type": "Feature", "properties": { "id": 193, "diameter": 6.0, "jenis": "PVC", "length": 780.63, "kedalaman": null, "tahun_pasa": null, "tanggal_pa": null, "pelaksana": null, "sumber_dan": null, "jenis_jari": null, "as_built_d": "http://192.168.1.2/fotogis/asbuilt/pipa_pipa_terpasang/", "file_as_bu": null, "narasumber": null, "sumber_air": null, "lasteditby": "mustofa", "valid": null, "keterangan": null }, "geometry": { "type": "MultiLineString", "coordinates": [ [ [ 102.417908018098899, -1.463012919049341 ], [ 102.417896363836604, -1.462766392932217 ], [ 102.417667769784103, -1.462757945323985 ], [ 102.417406659695999, -1.462751626816481 ], [ 102.417071175691206, -1.462768746337099 ], [ 102.416744810624294, -1.462788020741049 ], [ 102.416437867613993, -1.462788152156878 ], [ 102.416021664313007, -1.46278284238432 ], [ 102.415430861264511, -1.462793676491037 ], [ 102.414976664795248, -1.462781310743307 ], [ 102.414513452546501, -1.462787460607943 ], [ 102.413985366542505, -1.462786470286828 ], [ 102.413623378712842, -1.462796131181173 ], [ 102.413191440408497, -1.462814337423771 ], [ 102.41276389151011, -1.462842670033481 ], [ 102.412671927882599, -1.462848732780044 ], [ 102.412367393897398, -1.46287740667972 ], [ 102.411894243847897, -1.46292521642582 ], [ 102.411142997856004, -1.463014465705304 ] ] ] } },
{ "type": "Feature", "properties": { "id": 136, "diameter": 3.0, "jenis": "PVC", "length": 488.1, "kedalaman": null, "tahun_pasa": null, "tanggal_pa": null, "pelaksana": null, "sumber_dan": null, "jenis_jari": null, "as_built_d": "http://192.168.1.2/fotogis/asbuilt/pipa_pipa_terpasang/", "file_as_bu": null, "narasumber": null, "sumber_air": null, "lasteditby": "mustofa", "valid": null, "keterangan": null }, "geometry": { "type": "MultiLineString", "coordinates": [ [ [ 102.432756597423904, -1.463181294203637 ], [ 102.432958343964799, -1.463231330013691 ], [ 102.433351030864429, -1.463455507454777 ], [ 102.433659956251105, -1.463660019942436 ], [ 102.433732759632051, -1.463701887962952 ], [ 102.43430704758417, -1.464127587522216 ], [ 102.434818426089322, -1.464459100130156 ], [ 102.435043298609941, -1.464603433803311 ], [ 102.435428079176575, -1.464847939397304 ], [ 102.435809189482882, -1.465105629428404 ], [ 102.435938141191031, -1.465182783015991 ], [ 102.436448849445298, -1.465520092577984 ] ] ] } },
{ "type": "Feature", "properties": { "id": 4, "diameter": 2.0, "jenis": "PVC", "length": 218.95, "kedalaman": null, "tahun_pasa": null, "tanggal_pa": null, "pelaksana": null, "sumber_dan": null, "jenis_jari": null, "as_built_d": "http://192.168.1.2/fotogis/asbuilt/pipa_pipa_terpasang/", "file_as_bu": null, "narasumber": null, "sumber_air": null, "lasteditby": "mustofa", "valid": null, "keterangan": null }, "geometry": { "type": "MultiLineString", "coordinates": [ [ [ 102.442043113371497, -1.486353156380668 ], [ 102.441804563808603, -1.486355266380797 ], [ 102.441499478734698, -1.486347663088017 ], [ 102.441084878110601, -1.486347821346283 ], [ 102.440684904597703, -1.486345345429798 ], [ 102.440076430952402, -1.486334089195085 ] ] ] } },
{ "type": "Feature", "properties": { "id": 263, "diameter": 6.0, "jenis": null, "length": 24.95, "kedalaman": null, "tahun_pasa": null, "tanggal_pa": null, "pelaksana": null, "sumber_dan": null, "jenis_jari": null, "as_built_d": "http://192.168.1.4/fotogis/muara_tebo/asbuilt/pipa_pipa_terpasang/", "file_as_bu": null, "narasumber": null, "sumber_air": null, "lasteditby": "mustofa", "valid": null, "keterangan": null }, "geometry": { "type": "MultiLineString", "coordinates": [ [ [ 102.44469787514943, -1.480549837742235 ], [ 102.444661643871243, -1.480501044275658 ], [ 102.444656812993145, -1.480503234522334 ], [ 102.444541804858034, -1.480542533328775 ], [ 102.444530034262243, -1.480547132644012 ], [ 102.444507753375262, -1.480555624661831 ] ] ] } },
{ "type": "Feature", "properties": { "id": 160, "diameter": 4.0, "jenis": "PVC", "length": 617.3, "kedalaman": null, "tahun_pasa": null, "tanggal_pa": null, "pelaksana": null, "sumber_dan": null, "jenis_jari": null, "as_built_d": "http://192.168.1.2/fotogis/asbuilt/pipa_pipa_terpasang/", "file_as_bu": null, "narasumber": null, "sumber_air": null, "lasteditby": "postgres", "valid": null, "keterangan": null }, "geometry": { "type": "MultiLineString", "coordinates": [ [ [ 102.424803310603394, -1.463034089086221 ], [ 102.424373730064602, -1.463029831552273 ], [ 102.423568528964395, -1.463021785328683 ], [ 102.422903842868905, -1.463013948538331 ], [ 102.422349951199095, -1.462981002211275 ], [ 102.422346347274598, -1.463605642292855 ], [ 102.422347857283199, -1.463662058902152 ], [ 102.422345000851905, -1.463960697048893 ], [ 102.422344165222299, -1.464269476503255 ], [ 102.422339342975306, -1.464613799606914 ], [ 102.422341566720803, -1.464998216158787 ], [ 102.422344202994694, -1.465394871436567 ], [ 102.422352215594401, -1.465775072970805 ], [ 102.422368300518798, -1.466070211584468 ] ] ] } },
{ "type": "Feature", "properties": { "id": 162, "diameter": 4.0, "jenis": "PVC", "length": 319.63, "kedalaman": null, "tahun_pasa": null, "tanggal_pa": null, "pelaksana": null, "sumber_dan": null, "jenis_jari": null, "as_built_d": "http://192.168.1.2/fotogis/asbuilt/pipa_pipa_terpasang/", "file_as_bu": null, "narasumber": null, "sumber_air": null, "lasteditby": "postgres", "valid": null, "keterangan": null }, "geometry": { "type": "MultiLineString", "coordinates": [ [ [ 102.424396341644993, -1.463029973260802 ], [ 102.424423778759405, -1.463287488799481 ], [ 102.424441447091894, -1.463662206296041 ], [ 102.424449465056298, -1.46433748017406 ], [ 102.424456620084996, -1.465120360427447 ], [ 102.424442056986607, -1.465759561581038 ], [ 102.424440381150703, -1.465898156504952 ] ] ] } },
{ "type": "Feature", "properties": { "id": 114, "diameter": 3.0, "jenis": "PVC", "length": 53.74, "kedalaman": null, "tahun_pasa": null, "tanggal_pa": null, "pelaksana": null, "sumber_dan": null, "jenis_jari": null, "as_built_d": "http://192.168.1.2/fotogis/asbuilt/pipa_pipa_terpasang/", "file_as_bu": null, "narasumber": null, "sumber_air": null, "lasteditby": "postgres", "valid": null, "keterangan": null }, "geometry": { "type": "MultiLineString", "coordinates": [ [ [ 102.422346628123194, -1.463515775996291 ], [ 102.422829372600603, -1.463510797567237 ] ] ] } },
{ "type": "Feature", "properties": { "id": 117, "diameter": 3.0, "jenis": "PVC", "length": 190.92, "kedalaman": null, "tahun_pasa": null, "tanggal_pa": null, "pelaksana": null, "sumber_dan": null, "jenis_jari": null, "as_built_d": "http://192.168.1.2/fotogis/asbuilt/pipa_pipa_terpasang/", "file_as_bu": null, "narasumber": null, "sumber_air": null, "lasteditby": "sri", "valid": null, "keterangan": null }, "geometry": { "type": "MultiLineString", "coordinates": [ [ [ 102.444505598719331, -1.491633763724091 ], [ 102.444776270881704, -1.491807631319505 ], [ 102.444957511689907, -1.491907794497536 ], [ 102.445201959378906, -1.492041073954592 ], [ 102.445202131375098, -1.49204114587266 ], [ 102.445309702229906, -1.491883938455419 ], [ 102.4454522998236, -1.491617999282038 ], [ 102.445681366914897, -1.491271766195279 ] ] ] } },
{ "type": "Feature", "properties": { "id": 6, "diameter": 2.0, "jenis": "PVC", "length": 141.45, "kedalaman": null, "tahun_pasa": null, "tanggal_pa": null, "pelaksana": null, "sumber_dan": null, "jenis_jari": null, "as_built_d": "http://192.168.1.2/fotogis/asbuilt/pipa_pipa_terpasang/", "file_as_bu": null, "narasumber": null, "sumber_air": null, "lasteditby": "mustofa", "valid": null, "keterangan": null }, "geometry": { "type": "MultiLineString", "coordinates": [ [ [ 102.421092758027555, -1.467060442082787 ], [ 102.421094367627006, -1.467088077400049 ], [ 102.421119489887502, -1.46734041922854 ], [ 102.421141050128995, -1.467544947961354 ], [ 102.421174264847707, -1.467816060842522 ], [ 102.421018976714905, -1.467825217402486 ], [ 102.421015271033497, -1.467930889751603 ], [ 102.421013178207303, -1.468179777561254 ] ] ] } },
{ "type": "Feature", "properties": { "id": 120, "diameter": 3.0, "jenis": "PVC", "length": 165.44, "kedalaman": null, "tahun_pasa": null, "tanggal_pa": null, "pelaksana": null, "sumber_dan": null, "jenis_jari": null, "as_built_d": "http://192.168.1.2/fotogis/asbuilt/pipa_pipa_terpasang/", "file_as_bu": null, "narasumber": null, "sumber_air": null, "lasteditby": "postgres", "valid": null, "keterangan": null }, "geometry": { "type": "MultiLineString", "coordinates": [ [ [ 102.422274361206703, -1.464161681657759 ], [ 102.4219524798864, -1.464158754892623 ], [ 102.421946741780602, -1.464356499282865 ], [ 102.421930709223801, -1.464758676484769 ], [ 102.421922045905603, -1.465072806074705 ], [ 102.421861693423494, -1.46506069418362 ], [ 102.421786978994106, -1.46500909964655 ], [ 102.421700223728706, -1.464965551291598 ] ] ] } },
{ "type": "Feature", "properties": { "id": 9, "diameter": 2.0, "jenis": "PVC", "length": 185.21, "kedalaman": null, "tahun_pasa": null, "tanggal_pa": null, "pelaksana": null, "sumber_dan": null, "jenis_jari": null, "as_built_d": "http://192.168.1.2/fotogis/asbuilt/pipa_pipa_terpasang/", "file_as_bu": null, "narasumber": null, "sumber_air": null, "lasteditby": "mustofa", "valid": null, "keterangan": null }, "geometry": { "type": "MultiLineString", "coordinates": [ [ [ 102.442185801025502, -1.484653095177802 ], [ 102.4421884389334, -1.484716944183333 ], [ 102.442198960820704, -1.484933320873856 ], [ 102.4422052959317, -1.485249581140687 ], [ 102.442231542502498, -1.485593852285101 ], [ 102.442268668384003, -1.486074276985703 ], [ 102.442293762440599, -1.486312222720471 ] ] ] } },
{ "type": "Feature", "properties": { "id": 123, "diameter": 3.0, "jenis": "PVC", "length": 134.18, "kedalaman": null, "tahun_pasa": null, "tanggal_pa": null, "pelaksana": null, "sumber_dan": null, "jenis_jari": null, "as_built_d": "http://192.168.1.2/fotogis/asbuilt/pipa_pipa_terpasang/", "file_as_bu": null, "narasumber": null, "sumber_air": null, "lasteditby": "postgres", "valid": null, "keterangan": null }, "geometry": { "type": "MultiLineString", "coordinates": [ [ [ 102.422019435371794, -1.464161544678997 ], [ 102.422016451928002, -1.464363992847413 ], [ 102.4220173007336, -1.464658507630075 ], [ 102.422011744031195, -1.465116469468603 ], [ 102.422214912438307, -1.465262253268298 ] ] ] } },
{ "type": "Feature", "properties": { "id": 124, "diameter": 3.0, "jenis": "PVC", "length": 658.25, "kedalaman": null, "tahun_pasa": null, "tanggal_pa": null, "pelaksana": null, "sumber_dan": null, "jenis_jari": null, "as_built_d": "http://192.168.1.2/fotogis/asbuilt/pipa_pipa_terpasang/", "file_as_bu": null, "narasumber": null, "sumber_air": null, "lasteditby": "postgres", "valid": null, "keterangan": null }, "geometry": { "type": "MultiLineString", "coordinates": [ [ [ 102.441848173874604, -1.478502657667119 ], [ 102.441828427600598, -1.478011108860045 ], [ 102.441743131604795, -1.477335082624705 ], [ 102.441723294323594, -1.477126331547184 ], [ 102.441718955306499, -1.476736847200951 ], [ 102.441717793138906, -1.476195210098562 ], [ 102.441715841271403, -1.47558728412391 ], [ 102.441707439356605, -1.47467356936436 ], [ 102.441699106601703, -1.473347625916765 ], [ 102.441694363574598, -1.472598235019301 ] ] ] } },
{ "type": "Feature", "properties": { "id": 7, "diameter": 2.0, "jenis": "PVC", "length": 70.51, "kedalaman": null, "tahun_pasa": null, "tanggal_pa": null, "pelaksana": null, "sumber_dan": null, "jenis_jari": null, "as_built_d": "http://192.168.1.2/fotogis/asbuilt/pipa_pipa_terpasang/", "file_as_bu": null, "narasumber": null, "sumber_air": null, "lasteditby": "mustofa", "valid": null, "keterangan": null }, "geometry": { "type": "MultiLineString", "coordinates": [ [ [ 102.443585654066439, -1.492293934150343 ], [ 102.44345864394954, -1.49248824625486 ], [ 102.443371905311039, -1.492626133881512 ], [ 102.443247344545028, -1.492829136159796 ] ] ] } },
{ "type": "Feature", "properties": { "id": 54, "diameter": 2.0, "jenis": "PVC", "length": 27.51, "kedalaman": null, "tahun_pasa": null, "tanggal_pa": null, "pelaksana": null, "sumber_dan": null, "jenis_jari": null, "as_built_d": "http://192.168.1.2/fotogis/asbuilt/pipa_pipa_terpasang/", "file_as_bu": null, "narasumber": null, "sumber_air": null, "lasteditby": "postgres", "valid": null, "keterangan": null }, "geometry": { "type": "MultiLineString", "coordinates": [ [ [ 102.424445515037206, -1.465651043889265 ], [ 102.424692013988704, -1.465669112838392 ] ] ] } },
{ "type": "Feature", "properties": { "id": 41, "diameter": 2.0, "jenis": "PVC", "length": 43.11, "kedalaman": null, "tahun_pasa": null, "tanggal_pa": null, "pelaksana": null, "sumber_dan": null, "jenis_jari": null, "as_built_d": "http://192.168.1.2/fotogis/asbuilt/pipa_pipa_terpasang/", "file_as_bu": null, "narasumber": null, "sumber_air": null, "lasteditby": "postgres", "valid": null, "keterangan": null }, "geometry": { "type": "MultiLineString", "coordinates": [ [ [ 102.425934096811105, -1.46106559288444 ], [ 102.425984659914306, -1.461449421691594 ] ] ] } },
{ "type": "Feature", "properties": { "id": 42, "diameter": 2.0, "jenis": "PVC", "length": 126.39, "kedalaman": null, "tahun_pasa": null, "tanggal_pa": null, "pelaksana": null, "sumber_dan": null, "jenis_jari": null, "as_built_d": "http://192.168.1.2/fotogis/asbuilt/pipa_pipa_terpasang/", "file_as_bu": null, "narasumber": null, "sumber_air": null, "lasteditby": "postgres", "valid": null, "keterangan": null }, "geometry": { "type": "MultiLineString", "coordinates": [ [ [ 102.4253838668442, -1.462012804199454 ], [ 102.425522434144895, -1.461977162470052 ], [ 102.425733633119705, -1.461886522332494 ], [ 102.425643189926902, -1.461433743121651 ], [ 102.425608818525205, -1.461135191288971 ] ] ] } },
{ "type": "Feature", "properties": { "id": 43, "diameter": 2.0, "jenis": "PVC", "length": 224.63, "kedalaman": null, "tahun_pasa": null, "tanggal_pa": null, "pelaksana": null, "sumber_dan": null, "jenis_jari": null, "as_built_d": "http://192.168.1.2/fotogis/asbuilt/pipa_pipa_terpasang/", "file_as_bu": null, "narasumber": null, "sumber_air": null, "lasteditby": "postgres", "valid": null, "keterangan": null }, "geometry": { "type": "MultiLineString", "coordinates": [ [ [ 102.425396367992704, -1.462080199093615 ], [ 102.425305844862706, -1.462104011670336 ], [ 102.425097630825206, -1.462109113033702 ], [ 102.425035759935795, -1.462090249527268 ], [ 102.424930979427003, -1.461592666899312 ], [ 102.424713325558102, -1.460471260100661 ] ] ] } },
{ "type": "Feature", "properties": { "id": 25, "diameter": 2.0, "jenis": "PVC", "length": 122.37, "kedalaman": null, "tahun_pasa": null, "tanggal_pa": null, "pelaksana": null, "sumber_dan": null, "jenis_jari": null, "as_built_d": "http://192.168.1.2/fotogis/asbuilt/pipa_pipa_terpasang/", "file_as_bu": null, "narasumber": null, "sumber_air": null, "lasteditby": "mustofa", "valid": null, "keterangan": null }, "geometry": { "type": "MultiLineString", "coordinates": [ [ [ 102.42961926620309, -1.461498267188321 ], [ 102.430073741033837, -1.461531270033709 ], [ 102.430713085689106, -1.46160500881055 ] ] ] } },
{ "type": "Feature", "properties": { "id": 161, "diameter": 4.0, "jenis": "PVC", "length": 195.51, "kedalaman": null, "tahun_pasa": null, "tanggal_pa": null, "pelaksana": null, "sumber_dan": null, "jenis_jari": null, "as_built_d": "http://192.168.1.2/fotogis/asbuilt/pipa_pipa_terpasang/", "file_as_bu": null, "narasumber": null, "sumber_air": null, "lasteditby": "mustofa", "valid": null, "keterangan": null }, "geometry": { "type": "MultiLineString", "coordinates": [ [ [ 102.445059412145994, -1.490704187599342 ], [ 102.445020850286994, -1.490775226910502 ], [ 102.444961025130297, -1.490878476125541 ], [ 102.444883058639704, -1.491011294876133 ], [ 102.444784543572297, -1.491173437547333 ], [ 102.444638672198195, -1.491407918139448 ], [ 102.444505598719331, -1.491633763724091 ], [ 102.444441497213361, -1.491736287813752 ], [ 102.444158810094507, -1.492211259253486 ] ] ] } },
{ "type": "Feature", "properties": { "id": 111, "diameter": 3.0, "jenis": "PVC", "length": 80.29, "kedalaman": null, "tahun_pasa": null, "tanggal_pa": null, "pelaksana": null, "sumber_dan": null, "jenis_jari": null, "as_built_d": "http://192.168.1.2/fotogis/asbuilt/pipa_pipa_terpasang/", "file_as_bu": null, "narasumber": null, "sumber_air": null, "lasteditby": "mustofa", "valid": null, "keterangan": null }, "geometry": { "type": "MultiLineString", "coordinates": [ [ [ 102.443970409453271, -1.492526588984763 ], [ 102.443873556430106, -1.492684537584763 ], [ 102.443703490412005, -1.492968600992728 ], [ 102.443597711838805, -1.493143833278736 ] ] ] } },
{ "type": "Feature", "properties": { "id": 8, "diameter": 2.0, "jenis": "PVC", "length": 36.41, "kedalaman": null, "tahun_pasa": null, "tanggal_pa": null, "pelaksana": null, "sumber_dan": null, "jenis_jari": null, "as_built_d": "http://192.168.1.2/fotogis/asbuilt/pipa_pipa_terpasang/", "file_as_bu": null, "narasumber": null, "sumber_air": null, "lasteditby": "mustofa", "valid": null, "keterangan": null }, "geometry": { "type": "MultiLineString", "coordinates": [ [ [ 102.444061664341206, -1.492579171623148 ], [ 102.443883120039601, -1.492853071260754 ] ] ] } },
{ "type": "Feature", "properties": { "id": 116, "diameter": 3.0, "jenis": "PVC", "length": 191.95, "kedalaman": null, "tahun_pasa": null, "tanggal_pa": null, "pelaksana": null, "sumber_dan": null, "jenis_jari": null, "as_built_d": "http://192.168.1.2/fotogis/asbuilt/pipa_pipa_terpasang/", "file_as_bu": null, "narasumber": null, "sumber_air": null, "lasteditby": "mustofa", "valid": null, "keterangan": null }, "geometry": { "type": "MultiLineString", "coordinates": [ [ [ 102.441894173005835, -1.480259484278085 ], [ 102.44163161737724, -1.480254630956332 ], [ 102.441370869144507, -1.480262067070235 ], [ 102.440945235481536, -1.480284660999612 ], [ 102.440648817943298, -1.480294485563835 ], [ 102.4401759340967, -1.480364371182635 ] ] ] } },
{ "type": "Feature", "properties": { "id": 112, "diameter": 3.0, "jenis": "PVC", "length": 545.92, "kedalaman": null, "tahun_pasa": null, "tanggal_pa": null, "pelaksana": null, "sumber_dan": null, "jenis_jari": null, "as_built_d": "http://192.168.1.2/fotogis/asbuilt/pipa_pipa_terpasang/", "file_as_bu": null, "narasumber": null, "sumber_air": null, "lasteditby": "mustofa", "valid": null, "keterangan": null }, "geometry": { "type": "MultiLineString", "coordinates": [ [ [ 102.442178041224295, -1.484451094439497 ], [ 102.442184653707002, -1.484178746725598 ], [ 102.442186971758701, -1.483915057431879 ], [ 102.442187665326202, -1.483841899097909 ], [ 102.442197892918202, -1.483172578844781 ], [ 102.442163466069204, -1.482370830198186 ], [ 102.442142628521495, -1.481607380265126 ], [ 102.442165512895102, -1.481317645214365 ], [ 102.442212309831106, -1.481322765767297 ], [ 102.442661569908694, -1.481385624217421 ], [ 102.443223761954798, -1.481448755129457 ], [ 102.443712815665293, -1.481525047046915 ], [ 102.443917698243396, -1.481546784595681 ] ] ] } },
{ "type": "Feature", "properties": { "id": 10, "diameter": 2.0, "jenis": "PVC", "length": 395.09, "kedalaman": null, "tahun_pasa": null, "tanggal_pa": null, "pelaksana": null, "sumber_dan": null, "jenis_jari": null, "as_built_d": "http://192.168.1.2/fotogis/asbuilt/pipa_pipa_terpasang/", "file_as_bu": null, "narasumber": null, "sumber_air": null, "lasteditby": "mustofa", "valid": null, "keterangan": null }, "geometry": { "type": "MultiLineString", "coordinates": [ [ [ 102.441890331260296, -1.480223942119442 ], [ 102.441758008931288, -1.480217945794029 ], [ 102.441615004948545, -1.480207026315843 ], [ 102.441323701283366, -1.480208349169127 ], [ 102.440914807854952, -1.480221424212733 ], [ 102.440643096334895, -1.480229087280446 ], [ 102.440320028683132, -1.480269067390282 ], [ 102.440002919146238, -1.480343672290886 ], [ 102.439765849298496, -1.480424933220323 ], [ 102.439518530342099, -1.480538939720991 ], [ 102.439224498112395, -1.480679596754145 ], [ 102.43894796782098, -1.480822575213425 ], [ 102.438861550778185, -1.480872603878752 ], [ 102.438814644786376, -1.4809557862524 ], [ 102.438855626919818, -1.481022492896863 ], [ 102.438897570230282, -1.481234092939609 ] ] ] } },
{ "type": "Feature", "properties": { "id": 119, "diameter": 3.0, "jenis": "PVC", "length": 369.09, "kedalaman": null, "tahun_pasa": null, "tanggal_pa": null, "pelaksana": null, "sumber_dan": null, "jenis_jari": null, "as_built_d": "http://192.168.1.2/fotogis/asbuilt/pipa_pipa_terpasang/", "file_as_bu": null, "narasumber": null, "sumber_air": null, "lasteditby": "mustofa", "valid": null, "keterangan": null }, "geometry": { "type": "MultiLineString", "coordinates": [ [ [ 102.443405202794494, -1.491184874970377 ], [ 102.443477734725505, -1.491382250072633 ], [ 102.443559172321102, -1.491642530410177 ], [ 102.443607836448294, -1.491832121505952 ], [ 102.443693592049797, -1.492050436363918 ], [ 102.443735905914593, -1.492256139548518 ], [ 102.443856760956905, -1.492344922848504 ], [ 102.444223032971195, -1.492581598412746 ], [ 102.444730527226099, -1.492884070735344 ], [ 102.444697729573804, -1.492954059663463 ], [ 102.444643035403004, -1.493072737204491 ], [ 102.444573314646803, -1.493185882005686 ], [ 102.444480426056302, -1.493303563400382 ], [ 102.444271927877793, -1.493473969563671 ], [ 102.444058916183167, -1.49361363266186 ] ] ] } },
{ "type": "Feature", "properties": { "id": 239, "diameter": 2.0, "jenis": "PVC", "length": 209.65, "kedalaman": null, "tahun_pasa": null, "tanggal_pa": null, "pelaksana": null, "sumber_dan": null, "jenis_jari": "Distribusi", "as_built_d": "http://192.168.1.4/fotogis/muara_tebo/asbuilt/pipa_pipa_terpasang/", "file_as_bu": null, "narasumber": null, "sumber_air": null, "lasteditby": "mustofa", "valid": null, "keterangan": null }, "geometry": { "type": "MultiLineString", "coordinates": [ [ [ 102.446366168967856, -1.467928221100968 ], [ 102.445732267963763, -1.468362054305502 ], [ 102.445643281838329, -1.468412285389902 ], [ 102.445555409765092, -1.468392080241125 ], [ 102.445493417304888, -1.468030044461878 ], [ 102.44541759739738, -1.467842639868417 ], [ 102.445364567543749, -1.467804833572224 ], [ 102.445292145439339, -1.467808744210651 ], [ 102.445161291802208, -1.467851723591555 ], [ 102.44512461428846, -1.467862208882308 ], [ 102.445105809615796, -1.467827471957518 ] ] ] } },
{ "type": "Feature", "properties": { "id": 19, "diameter": 2.0, "jenis": "PVC", "length": 32.8, "kedalaman": null, "tahun_pasa": null, "tanggal_pa": null, "pelaksana": null, "sumber_dan": null, "jenis_jari": null, "as_built_d": "http://192.168.1.2/fotogis/asbuilt/pipa_pipa_terpasang/", "file_as_bu": null, "narasumber": null, "sumber_air": null, "lasteditby": "mustofa", "valid": null, "keterangan": null }, "geometry": { "type": "MultiLineString", "coordinates": [ [ [ 102.442013112470605, -1.476748591985005 ], [ 102.441718680586206, -1.476737001943487 ] ] ] } },
{ "type": "Feature", "properties": { "id": 240, "diameter": 2.0, "jenis": "PVC", "length": 179.45, "kedalaman": null, "tahun_pasa": null, "tanggal_pa": null, "pelaksana": null, "sumber_dan": null, "jenis_jari": "Distribusi", "as_built_d": "http://192.168.1.4/fotogis/muara_tebo/asbuilt/pipa_pipa_terpasang/", "file_as_bu": null, "narasumber": null, "sumber_air": null, "lasteditby": "mustofa", "valid": null, "keterangan": null }, "geometry": { "type": "MultiLineString", "coordinates": [ [ [ 102.445969830541031, -1.466849603333874 ], [ 102.446449768695146, -1.466596597887475 ], [ 102.446587874035771, -1.466511750994858 ], [ 102.446714632630886, -1.466740783049879 ], [ 102.44681358902875, -1.467040160773522 ], [ 102.446833024378833, -1.467179137933198 ], [ 102.446916983630643, -1.467320959144391 ], [ 102.446941580609646, -1.467324870874316 ] ] ] } },
{ "type": "Feature", "properties": { "id": 128, "diameter": 3.0, "jenis": "PVC", "length": 315.01, "kedalaman": null, "tahun_pasa": null, "tanggal_pa": null, "pelaksana": null, "sumber_dan": null, "jenis_jari": null, "as_built_d": "http://192.168.1.2/fotogis/asbuilt/pipa_pipa_terpasang/", "file_as_bu": null, "narasumber": null, "sumber_air": null, "lasteditby": "mustofa", "valid": null, "keterangan": null }, "geometry": { "type": "MultiLineString", "coordinates": [ [ [ 102.442571037572932, -1.465627301588705 ], [ 102.442564451529904, -1.465819021585114 ], [ 102.442376908593403, -1.46663489347263 ], [ 102.442216980731573, -1.466903378685401 ], [ 102.442028970807769, -1.467152383195767 ], [ 102.441624142132511, -1.46768032378251 ], [ 102.4414471792238, -1.467916783419419 ], [ 102.441308849746093, -1.468081269773912 ] ] ] } },
{ "type": "Feature", "properties": { "id": 36, "diameter": 2.0, "jenis": "PVC", "length": 274.98, "kedalaman": null, "tahun_pasa": null, "tanggal_pa": null, "pelaksana": null, "sumber_dan": null, "jenis_jari": null, "as_built_d": "http://192.168.1.2/fotogis/asbuilt/pipa_pipa_terpasang/", "file_as_bu": null, "narasumber": null, "sumber_air": null, "lasteditby": "mustofa", "valid": null, "keterangan": null }, "geometry": { "type": "MultiLineString", "coordinates": [ [ [ 102.428334725616494, -1.46913199802915 ], [ 102.428432522085757, -1.469358390932225 ], [ 102.428487163611294, -1.46965810747745 ], [ 102.428337195749506, -1.47047307022131 ], [ 102.428218903683401, -1.470611567227045 ], [ 102.428220439083702, -1.470702531534012 ], [ 102.427405794197938, -1.470645398920943 ] ] ] } },
{ "type": "Feature", "properties": { "id": 32, "diameter": 2.0, "jenis": "PVC", "length": 567.21, "kedalaman": null, "tahun_pasa": null, "tanggal_pa": null, "pelaksana": null, "sumber_dan": null, "jenis_jari": null, "as_built_d": "http://192.168.1.2/fotogis/asbuilt/pipa_pipa_terpasang/", "file_as_bu": null, "narasumber": null, "sumber_air": null, "lasteditby": "postgres", "valid": null, "keterangan": null }, "geometry": { "type": "MultiLineString", "coordinates": [ [ [ 102.431064552682997, -1.463109914298269 ], [ 102.431056576370594, -1.46326215019098 ], [ 102.431017517473094, -1.463825244394591 ], [ 102.430989820881095, -1.464198939914178 ], [ 102.430892427341703, -1.465317647733032 ], [ 102.430510838966796, -1.465282726155111 ], [ 102.429976476961997, -1.465235448962012 ], [ 102.429945121547604, -1.466087288685004 ], [ 102.429926125873905, -1.466594846223777 ], [ 102.429844863341302, -1.46675771317401 ], [ 102.429698082393898, -1.467148491866975 ] ] ] } },
{ "type": "Feature", "properties": { "id": 34, "diameter": 2.0, "jenis": "PVC", "length": 148.76, "kedalaman": null, "tahun_pasa": null, "tanggal_pa": null, "pelaksana": null, "sumber_dan": null, "jenis_jari": null, "as_built_d": "http://192.168.1.2/fotogis/asbuilt/pipa_pipa_terpasang/", "file_as_bu": null, "narasumber": null, "sumber_air": null, "lasteditby": "postgres", "valid": null, "keterangan": null }, "geometry": { "type": "MultiLineString", "coordinates": [ [ [ 102.4275932301898, -1.466238175879306 ], [ 102.428132030417103, -1.46620977275638 ], [ 102.428314904253199, -1.466189570159181 ], [ 102.4283602770154, -1.466058451729545 ], [ 102.428433703720103, -1.465870781867101 ], [ 102.428431499062398, -1.465752081101571 ], [ 102.428390978107004, -1.465603907060255 ] ] ] } },
{ "type": "Feature", "properties": { "id": 20, "diameter": 2.0, "jenis": "PVC", "length": 71.06, "kedalaman": null, "tahun_pasa": null, "tanggal_pa": null, "pelaksana": null, "sumber_dan": null, "jenis_jari": null, "as_built_d": "http://192.168.1.2/fotogis/asbuilt/pipa_pipa_terpasang/", "file_as_bu": null, "narasumber": null, "sumber_air": null, "lasteditby": "mustofa", "valid": null, "keterangan": null }, "geometry": { "type": "MultiLineString", "coordinates": [ [ [ 102.445103743155201, -1.492173917398675 ], [ 102.445001459189001, -1.492108838489204 ], [ 102.444889835727395, -1.492043790990816 ], [ 102.444565949892507, -1.491830419211039 ] ] ] } },
{ "type": "Feature", "properties": { "id": 18, "diameter": 2.0, "jenis": "PVC", "length": 94.67, "kedalaman": null, "tahun_pasa": null, "tanggal_pa": null, "pelaksana": null, "sumber_dan": null, "jenis_jari": null, "as_built_d": "http://192.168.1.2/fotogis/asbuilt/pipa_pipa_terpasang/", "file_as_bu": null, "narasumber": null, "sumber_air": null, "lasteditby": "mustofa", "valid": null, "keterangan": null }, "geometry": { "type": "MultiLineString", "coordinates": [ [ [ 102.445681366914897, -1.491271766195279 ], [ 102.445764601000704, -1.491145044575932 ], [ 102.445985164786407, -1.490777478605815 ], [ 102.446121705217806, -1.490544574906491 ] ] ] } },
{ "type": "Feature", "properties": { "id": 40, "diameter": 2.0, "jenis": "PVC", "length": 20.43, "kedalaman": null, "tahun_pasa": null, "tanggal_pa": null, "pelaksana": null, "sumber_dan": null, "jenis_jari": null, "as_built_d": "http://192.168.1.2/fotogis/asbuilt/pipa_pipa_terpasang/", "file_as_bu": null, "narasumber": null, "sumber_air": null, "lasteditby": "postgres", "valid": null, "keterangan": null }, "geometry": { "type": "MultiLineString", "coordinates": [ [ [ 102.425075220746095, -1.460457473609822 ], [ 102.425033264568597, -1.460278864530937 ] ] ] } },
{ "type": "Feature", "properties": { "id": 13, "diameter": 2.0, "jenis": "PVC", "length": 357.26, "kedalaman": null, "tahun_pasa": null, "tanggal_pa": null, "pelaksana": null, "sumber_dan": null, "jenis_jari": null, "as_built_d": "http://192.168.1.2/fotogis/asbuilt/pipa_pipa_terpasang/", "file_as_bu": null, "narasumber": null, "sumber_air": null, "lasteditby": "mustofa", "valid": null, "keterangan": null }, "geometry": { "type": "MultiLineString", "coordinates": [ [ [ 102.44125737343137, -1.483718506997883 ], [ 102.441241268966095, -1.483346208750451 ], [ 102.441293707718302, -1.482936270146117 ], [ 102.441396042238438, -1.482340804243469 ], [ 102.441407887319116, -1.482275333493024 ], [ 102.441411595001171, -1.482116851850648 ], [ 102.441439870357385, -1.481335307119139 ], [ 102.441014007110994, -1.481327154768157 ], [ 102.440629559374202, -1.48130135341156 ] ] ] } },
{ "type": "Feature", "properties": { "id": 29, "diameter": 2.0, "jenis": "PVC", "length": 92.19, "kedalaman": null, "tahun_pasa": null, "tanggal_pa": null, "pelaksana": null, "sumber_dan": null, "jenis_jari": null, "as_built_d": "http://192.168.1.2/fotogis/asbuilt/pipa_pipa_terpasang/", "file_as_bu": null, "narasumber": null, "sumber_air": null, "lasteditby": "mustofa", "valid": null, "keterangan": null }, "geometry": { "type": "MultiLineString", "coordinates": [ [ [ 102.430079721592449, -1.467808543550444 ], [ 102.430839546399213, -1.4681378388821 ] ] ] } },
{ "type": "Feature", "properties": { "id": 30, "diameter": 2.0, "jenis": "PVC", "length": 42.33, "kedalaman": null, "tahun_pasa": null, "tanggal_pa": null, "pelaksana": null, "sumber_dan": null, "jenis_jari": null, "as_built_d": "http://192.168.1.2/fotogis/asbuilt/pipa_pipa_terpasang/", "file_as_bu": null, "narasumber": null, "sumber_air": null, "lasteditby": "mustofa", "valid": null, "keterangan": null }, "geometry": { "type": "MultiLineString", "coordinates": [ [ [ 102.430326550908447, -1.467916033736425 ], [ 102.430151041173005, -1.468253241128886 ] ] ] } },
{ "type": "Feature", "properties": { "id": 38, "diameter": 2.0, "jenis": "PVC", "length": 73.07, "kedalaman": null, "tahun_pasa": null, "tanggal_pa": null, "pelaksana": null, "sumber_dan": null, "jenis_jari": null, "as_built_d": "http://192.168.1.2/fotogis/asbuilt/pipa_pipa_terpasang/", "file_as_bu": null, "narasumber": null, "sumber_air": null, "lasteditby": "mustofa", "valid": null, "keterangan": null }, "geometry": { "type": "MultiLineString", "coordinates": [ [ [ 102.428586257810835, -1.461755013309778 ], [ 102.427929837487596, -1.461754572980167 ] ] ] } },
{ "type": "Feature", "properties": { "id": 35, "diameter": 2.0, "jenis": "PVC", "length": 32.73, "kedalaman": null, "tahun_pasa": null, "tanggal_pa": null, "pelaksana": null, "sumber_dan": null, "jenis_jari": null, "as_built_d": "http://192.168.1.2/fotogis/asbuilt/pipa_pipa_terpasang/", "file_as_bu": null, "narasumber": null, "sumber_air": null, "lasteditby": "mustofa", "valid": null, "keterangan": null }, "geometry": { "type": "MultiLineString", "coordinates": [ [ [ 102.428158503386697, -1.466204052952871 ], [ 102.428231327632702, -1.466488788870389 ] ] ] } },
{ "type": "Feature", "properties": { "id": 15, "diameter": 2.0, "jenis": "PVC", "length": 282.27, "kedalaman": null, "tahun_pasa": null, "tanggal_pa": null, "pelaksana": null, "sumber_dan": null, "jenis_jari": null, "as_built_d": "http://192.168.1.2/fotogis/asbuilt/pipa_pipa_terpasang/", "file_as_bu": null, "narasumber": null, "sumber_air": null, "lasteditby": "mustofa", "valid": null, "keterangan": null }, "geometry": { "type": "MultiLineString", "coordinates": [ [ [ 102.441443449032931, -1.489701769480161 ], [ 102.441265704850693, -1.489695030140492 ], [ 102.441125895608707, -1.489670709373123 ], [ 102.440947673978002, -1.48964620809915 ], [ 102.440714186997596, -1.489621865640135 ], [ 102.440367344334106, -1.489571149465517 ], [ 102.440136413757699, -1.489550041207765 ], [ 102.439969994086695, -1.489511459491712 ], [ 102.439757096581701, -1.489415135290972 ], [ 102.439495106308499, -1.489310203407847 ], [ 102.439227640635195, -1.489181371949774 ], [ 102.439011189656199, -1.489089412720147 ] ] ] } },
{ "type": "Feature", "properties": { "id": 39, "diameter": 2.0, "jenis": "PVC", "length": 86.95, "kedalaman": null, "tahun_pasa": null, "tanggal_pa": null, "pelaksana": null, "sumber_dan": null, "jenis_jari": null, "as_built_d": "http://192.168.1.2/fotogis/asbuilt/pipa_pipa_terpasang/", "file_as_bu": null, "narasumber": null, "sumber_air": null, "lasteditby": "mustofa", "valid": null, "keterangan": null }, "geometry": { "type": "MultiLineString", "coordinates": [ [ [ 102.428629333890598, -1.462320961697966 ], [ 102.427848225898003, -1.462324417194313 ] ] ] } },
{ "type": "Feature", "properties": { "id": 26, "diameter": 2.0, "jenis": "PVC", "length": 98.59, "kedalaman": null, "tahun_pasa": null, "tanggal_pa": null, "pelaksana": null, "sumber_dan": null, "jenis_jari": null, "as_built_d": "http://192.168.1.2/fotogis/asbuilt/pipa_pipa_terpasang/", "file_as_bu": null, "narasumber": null, "sumber_air": null, "lasteditby": "mustofa", "valid": null, "keterangan": null }, "geometry": { "type": "MultiLineString", "coordinates": [ [ [ 102.430356675872702, -1.461557541243846 ], [ 102.430324254687235, -1.461322501544841 ], [ 102.430206773229799, -1.461293972245375 ], [ 102.430064441525602, -1.460786265976051 ] ] ] } },
{ "type": "Feature", "properties": { "id": 37, "diameter": 2.0, "jenis": "PVC", "length": 261.2, "kedalaman": null, "tahun_pasa": null, "tanggal_pa": null, "pelaksana": null, "sumber_dan": null, "jenis_jari": null, "as_built_d": "http://192.168.1.2/fotogis/asbuilt/pipa_pipa_terpasang/", "file_as_bu": null, "narasumber": null, "sumber_air": null, "lasteditby": "mustofa", "valid": null, "keterangan": null }, "geometry": { "type": "MultiLineString", "coordinates": [ [ [ 102.429178161768832, -1.462839967565325 ], [ 102.429035649444131, -1.462595155795374 ], [ 102.428932060195294, -1.4623311281958 ], [ 102.428632819389591, -1.462344372508909 ], [ 102.428629333890598, -1.462320961697966 ], [ 102.428586257810835, -1.461755013309778 ], [ 102.428549644480896, -1.461274935598868 ], [ 102.428142972804096, -1.461282651924768 ] ] ] } },
{ "type": "Feature", "properties": { "id": 24, "diameter": 2.0, "jenis": "PVC", "length": 505.43, "kedalaman": null, "tahun_pasa": null, "tanggal_pa": null, "pelaksana": null, "sumber_dan": null, "jenis_jari": null, "as_built_d": "http://192.168.1.2/fotogis/asbuilt/pipa_pipa_terpasang/", "file_as_bu": null, "narasumber": null, "sumber_air": null, "lasteditby": "mustofa", "valid": null, "keterangan": null }, "geometry": { "type": "MultiLineString", "coordinates": [ [ [ 102.429814252417856, -1.462897523929053 ], [ 102.429728710233903, -1.462345313807037 ], [ 102.429622940436502, -1.461539173050186 ], [ 102.42961926620309, -1.461498267188321 ], [ 102.429408497297146, -1.46056466334307 ], [ 102.429324273728469, -1.460094842261808 ], [ 102.429391707675464, -1.460011327365575 ], [ 102.430969634048793, -1.459864715279271 ] ] ] } },
{ "type": "Feature", "properties": { "id": 17, "diameter": 2.0, "jenis": "PVC", "length": 40.87, "kedalaman": null, "tahun_pasa": null, "tanggal_pa": null, "pelaksana": null, "sumber_dan": null, "jenis_jari": null, "as_built_d": "http://192.168.1.2/fotogis/asbuilt/pipa_pipa_terpasang/", "file_as_bu": null, "narasumber": null, "sumber_air": null, "lasteditby": "mustofa", "valid": null, "keterangan": null }, "geometry": { "type": "MultiLineString", "coordinates": [ [ [ 102.440355863111407, -1.469005814294005 ], [ 102.440617351409898, -1.469263436978233 ] ] ] } },
{ "type": "Feature", "properties": { "id": 33, "diameter": 2.0, "jenis": "PVC", "length": 410.63, "kedalaman": null, "tahun_pasa": null, "tanggal_pa": null, "pelaksana": null, "sumber_dan": null, "jenis_jari": null, "as_built_d": "http://192.168.1.2/fotogis/asbuilt/pipa_pipa_terpasang/", "file_as_bu": null, "narasumber": null, "sumber_air": null, "lasteditby": "mustofa", "valid": null, "keterangan": null }, "geometry": { "type": "MultiLineString", "coordinates": [ [ [ 102.426427032984606, -1.463045668803901 ], [ 102.426402155305496, -1.463393681124884 ], [ 102.426367678101883, -1.463712883150835 ], [ 102.426310739122272, -1.464409214787376 ], [ 102.426278599203684, -1.465323286493156 ], [ 102.426233802731488, -1.465994121386179 ], [ 102.426174072085104, -1.466723628353241 ] ] ] } },
{ "type": "Feature", "properties": { "id": 46, "diameter": 2.0, "jenis": "PVC", "length": 95.75, "kedalaman": null, "tahun_pasa": null, "tanggal_pa": null, "pelaksana": null, "sumber_dan": null, "jenis_jari": null, "as_built_d": "http://192.168.1.2/fotogis/asbuilt/pipa_pipa_terpasang/", "file_as_bu": null, "narasumber": null, "sumber_air": null, "lasteditby": "postgres", "valid": null, "keterangan": null }, "geometry": { "type": "MultiLineString", "coordinates": [ [ [ 102.424453051345907, -1.464669816109318 ], [ 102.423593275336899, -1.464644615392564 ] ] ] } },
{ "type": "Feature", "properties": { "id": 47, "diameter": 2.0, "jenis": "PVC", "length": 72.19, "kedalaman": null, "tahun_pasa": null, "tanggal_pa": null, "pelaksana": null, "sumber_dan": null, "jenis_jari": null, "as_built_d": "http://192.168.1.2/fotogis/asbuilt/pipa_pipa_terpasang/", "file_as_bu": null, "narasumber": null, "sumber_air": null, "lasteditby": "postgres", "valid": null, "keterangan": null }, "geometry": { "type": "MultiLineString", "coordinates": [ [ [ 102.42435743886, -1.464663867015212 ], [ 102.424361627190606, -1.464334462297133 ], [ 102.4243634097582, -1.464015650420314 ] ] ] } },
{ "type": "Feature", "properties": { "id": 48, "diameter": 2.0, "jenis": "PVC", "length": 88.07, "kedalaman": null, "tahun_pasa": null, "tanggal_pa": null, "pelaksana": null, "sumber_dan": null, "jenis_jari": null, "as_built_d": "http://192.168.1.2/fotogis/asbuilt/pipa_pipa_terpasang/", "file_as_bu": null, "narasumber": null, "sumber_air": null, "lasteditby": "postgres", "valid": null, "keterangan": null }, "geometry": { "type": "MultiLineString", "coordinates": [ [ [ 102.424360040345704, -1.464359142893546 ], [ 102.423568891234595, -1.464352048442755 ] ] ] } },
{ "type": "Feature", "properties": { "id": 49, "diameter": 2.0, "jenis": "PVC", "length": 56.43, "kedalaman": null, "tahun_pasa": null, "tanggal_pa": null, "pelaksana": null, "sumber_dan": null, "jenis_jari": null, "as_built_d": "http://192.168.1.2/fotogis/asbuilt/pipa_pipa_terpasang/", "file_as_bu": null, "narasumber": null, "sumber_air": null, "lasteditby": "postgres", "valid": null, "keterangan": null }, "geometry": { "type": "MultiLineString", "coordinates": [ [ [ 102.424452654915001, -1.464720333872404 ], [ 102.424959570944694, -1.464725281284689 ] ] ] } },
{ "type": "Feature", "properties": { "id": 50, "diameter": 2.0, "jenis": "PVC", "length": 60.86, "kedalaman": null, "tahun_pasa": null, "tanggal_pa": null, "pelaksana": null, "sumber_dan": null, "jenis_jari": null, "as_built_d": "http://192.168.1.2/fotogis/asbuilt/pipa_pipa_terpasang/", "file_as_bu": null, "narasumber": null, "sumber_air": null, "lasteditby": "postgres", "valid": null, "keterangan": null }, "geometry": { "type": "MultiLineString", "coordinates": [ [ [ 102.424452025519798, -1.464795218432894 ], [ 102.424331666985495, -1.464792911165637 ], [ 102.424337189951999, -1.465044784406626 ], [ 102.424344281419806, -1.465218917754482 ] ] ] } },
{ "type": "Feature", "properties": { "id": 51, "diameter": 2.0, "jenis": "PVC", "length": 82.72, "kedalaman": null, "tahun_pasa": null, "tanggal_pa": null, "pelaksana": null, "sumber_dan": null, "jenis_jari": null, "as_built_d": "http://192.168.1.2/fotogis/asbuilt/pipa_pipa_terpasang/", "file_as_bu": null, "narasumber": null, "sumber_air": null, "lasteditby": "postgres", "valid": null, "keterangan": null }, "geometry": { "type": "MultiLineString", "coordinates": [ [ [ 102.424337756589097, -1.465049307579708 ], [ 102.424148535943999, -1.465047523815749 ], [ 102.423595128184502, -1.465026285607144 ] ] ] } },
{ "type": "Feature", "properties": { "id": 52, "diameter": 2.0, "jenis": "PVC", "length": 65.56, "kedalaman": null, "tahun_pasa": null, "tanggal_pa": null, "pelaksana": null, "sumber_dan": null, "jenis_jari": null, "as_built_d": "http://192.168.1.2/fotogis/asbuilt/pipa_pipa_terpasang/", "file_as_bu": null, "narasumber": null, "sumber_air": null, "lasteditby": "postgres", "valid": null, "keterangan": null }, "geometry": { "type": "MultiLineString", "coordinates": [ [ [ 102.424450903580905, -1.465378898996432 ], [ 102.423863174107197, -1.465340841278623 ] ] ] } },
{ "type": "Feature", "properties": { "id": 53, "diameter": 2.0, "jenis": "PVC", "length": 23.13, "kedalaman": null, "tahun_pasa": null, "tanggal_pa": null, "pelaksana": null, "sumber_dan": null, "jenis_jari": null, "as_built_d": "http://192.168.1.2/fotogis/asbuilt/pipa_pipa_terpasang/", "file_as_bu": null, "narasumber": null, "sumber_air": null, "lasteditby": "postgres", "valid": null, "keterangan": null }, "geometry": { "type": "MultiLineString", "coordinates": [ [ [ 102.424451519315895, -1.465338424515638 ], [ 102.424659250229695, -1.465344157147879 ] ] ] } },
{ "type": "Feature", "properties": { "id": 55, "diameter": 2.0, "jenis": "PVC", "length": 33.03, "kedalaman": null, "tahun_pasa": null, "tanggal_pa": null, "pelaksana": null, "sumber_dan": null, "jenis_jari": null, "as_built_d": "http://192.168.1.2/fotogis/asbuilt/pipa_pipa_terpasang/", "file_as_bu": null, "narasumber": null, "sumber_air": null, "lasteditby": "postgres", "valid": null, "keterangan": null }, "geometry": { "type": "MultiLineString", "coordinates": [ [ [ 102.424442399681993, -1.465681968976926 ], [ 102.424145933398705, -1.465669378488542 ] ] ] } },
{ "type": "Feature", "properties": { "id": 56, "diameter": 2.0, "jenis": "PVC", "length": 100.41, "kedalaman": null, "tahun_pasa": null, "tanggal_pa": null, "pelaksana": null, "sumber_dan": null, "jenis_jari": null, "as_built_d": "http://192.168.1.2/fotogis/asbuilt/pipa_pipa_terpasang/", "file_as_bu": null, "narasumber": null, "sumber_air": null, "lasteditby": "postgres", "valid": null, "keterangan": null }, "geometry": { "type": "MultiLineString", "coordinates": [ [ [ 102.4244375098327, -1.466009630415919 ], [ 102.423535494740307, -1.466003730033533 ] ] ] } },
{ "type": "Feature", "properties": { "id": 57, "diameter": 2.0, "jenis": "PVC", "length": 47.44, "kedalaman": null, "tahun_pasa": null, "tanggal_pa": null, "pelaksana": null, "sumber_dan": null, "jenis_jari": null, "as_built_d": "http://192.168.1.2/fotogis/asbuilt/pipa_pipa_terpasang/", "file_as_bu": null, "narasumber": null, "sumber_air": null, "lasteditby": "postgres", "valid": null, "keterangan": null }, "geometry": { "type": "MultiLineString", "coordinates": [ [ [ 102.424426305451703, -1.466341560705541 ], [ 102.424001011466103, -1.466313757239561 ] ] ] } },
{ "type": "Feature", "properties": { "id": 58, "diameter": 2.0, "jenis": "PVC", "length": 51.63, "kedalaman": null, "tahun_pasa": null, "tanggal_pa": null, "pelaksana": null, "sumber_dan": null, "jenis_jari": null, "as_built_d": "http://192.168.1.2/fotogis/asbuilt/pipa_pipa_terpasang/", "file_as_bu": null, "narasumber": null, "sumber_air": null, "lasteditby": "postgres", "valid": null, "keterangan": null }, "geometry": { "type": "MultiLineString", "coordinates": [ [ [ 102.422346015190698, -1.463790674327125 ], [ 102.422809745550893, -1.46378382936267 ] ] ] } },
{ "type": "Feature", "properties": { "id": 59, "diameter": 2.0, "jenis": "PVC", "length": 46.26, "kedalaman": null, "tahun_pasa": null, "tanggal_pa": null, "pelaksana": null, "sumber_dan": null, "jenis_jari": null, "as_built_d": "http://192.168.1.2/fotogis/asbuilt/pipa_pipa_terpasang/", "file_as_bu": null, "narasumber": null, "sumber_air": null, "lasteditby": "postgres", "valid": null, "keterangan": null }, "geometry": { "type": "MultiLineString", "coordinates": [ [ [ 102.422347393017603, -1.463827046666761 ], [ 102.422762977262494, -1.463828058725334 ] ] ] } },
{ "type": "Feature", "properties": { "id": 60, "diameter": 2.0, "jenis": "PVC", "length": 58.97, "kedalaman": null, "tahun_pasa": null, "tanggal_pa": null, "pelaksana": null, "sumber_dan": null, "jenis_jari": null, "as_built_d": "http://192.168.1.2/fotogis/asbuilt/pipa_pipa_terpasang/", "file_as_bu": null, "narasumber": null, "sumber_air": null, "lasteditby": "postgres", "valid": null, "keterangan": null }, "geometry": { "type": "MultiLineString", "coordinates": [ [ [ 102.4222688254807, -1.463789121876524 ], [ 102.422153147051205, -1.463779991379215 ], [ 102.422024743864199, -1.463765299727759 ], [ 102.421741911540906, -1.463735276824732 ] ] ] } },
{ "type": "Feature", "properties": { "id": 61, "diameter": 2.0, "jenis": "PVC", "length": 62.27, "kedalaman": null, "tahun_pasa": null, "tanggal_pa": null, "pelaksana": null, "sumber_dan": null, "jenis_jari": null, "as_built_d": "http://192.168.1.2/fotogis/asbuilt/pipa_pipa_terpasang/", "file_as_bu": null, "narasumber": null, "sumber_air": null, "lasteditby": "postgres", "valid": null, "keterangan": null }, "geometry": { "type": "MultiLineString", "coordinates": [ [ [ 102.422269392920001, -1.463834104336794 ], [ 102.422023372281004, -1.463811346756159 ], [ 102.421714578594404, -1.463764760312295 ] ] ] } },
{ "type": "Feature", "properties": { "id": 62, "diameter": 2.0, "jenis": "PVC", "length": 41.8, "kedalaman": null, "tahun_pasa": null, "tanggal_pa": null, "pelaksana": null, "sumber_dan": null, "jenis_jari": null, "as_built_d": "http://192.168.1.2/fotogis/asbuilt/pipa_pipa_terpasang/", "file_as_bu": null, "narasumber": null, "sumber_air": null, "lasteditby": "postgres", "valid": null, "keterangan": null }, "geometry": { "type": "MultiLineString", "coordinates": [ [ [ 102.422343651074797, -1.46410883278125 ], [ 102.422719115286796, -1.464105381571484 ] ] ] } },
{ "type": "Feature", "properties": { "id": 63, "diameter": 2.0, "jenis": "PVC", "length": 41.77, "kedalaman": null, "tahun_pasa": null, "tanggal_pa": null, "pelaksana": null, "sumber_dan": null, "jenis_jari": null, "as_built_d": "http://192.168.1.2/fotogis/asbuilt/pipa_pipa_terpasang/", "file_as_bu": null, "narasumber": null, "sumber_air": null, "lasteditby": "postgres", "valid": null, "keterangan": null }, "geometry": { "type": "MultiLineString", "coordinates": [ [ [ 102.422344842230899, -1.464155392171826 ], [ 102.422720081878197, -1.464154447711257 ] ] ] } },
{ "type": "Feature", "properties": { "id": 65, "diameter": 2.0, "jenis": "PVC", "length": 54.2, "kedalaman": null, "tahun_pasa": null, "tanggal_pa": null, "pelaksana": null, "sumber_dan": null, "jenis_jari": null, "as_built_d": "http://192.168.1.2/fotogis/asbuilt/pipa_pipa_terpasang/", "file_as_bu": null, "narasumber": null, "sumber_air": null, "lasteditby": "postgres", "valid": null, "keterangan": null }, "geometry": { "type": "MultiLineString", "coordinates": [ [ [ 102.422273631969603, -1.464111120832878 ], [ 102.421786749954094, -1.46411614896028 ] ] ] } },
{ "type": "Feature", "properties": { "id": 241, "diameter": 2.0, "jenis": "PVC", "length": 169.14, "kedalaman": null, "tahun_pasa": null, "tanggal_pa": null, "pelaksana": null, "sumber_dan": null, "jenis_jari": "Distribusi", "as_built_d": "http://192.168.1.4/fotogis/muara_tebo/asbuilt/pipa_pipa_terpasang/", "file_as_bu": null, "narasumber": null, "sumber_air": null, "lasteditby": "mustofa", "valid": null, "keterangan": null }, "geometry": { "type": "MultiLineString", "coordinates": [ [ [ 102.446787400070306, -1.469471564920495 ], [ 102.447013212176842, -1.469391172053639 ], [ 102.447143072878362, -1.469350705018042 ], [ 102.447229726696094, -1.469343123791339 ], [ 102.447286969433847, -1.469332052013973 ], [ 102.447339096916423, -1.469345682510424 ], [ 102.44738380738815, -1.46938542939557 ], [ 102.447437408998127, -1.469415909245469 ], [ 102.447490168249601, -1.469436760893398 ], [ 102.447541242784027, -1.469438356137386 ], [ 102.447700273423891, -1.469440208344782 ], [ 102.447847750003092, -1.469462475199087 ], [ 102.447957074941129, -1.469478377990696 ], [ 102.448075441594526, -1.469472873199779 ], [ 102.448251306857586, -1.469445359609464 ] ] ] } },
{ "type": "Feature", "properties": { "id": 67, "diameter": 2.0, "jenis": "PVC", "length": 73.34, "kedalaman": null, "tahun_pasa": null, "tanggal_pa": null, "pelaksana": null, "sumber_dan": null, "jenis_jari": null, "as_built_d": "http://192.168.1.2/fotogis/asbuilt/pipa_pipa_terpasang/", "file_as_bu": null, "narasumber": null, "sumber_air": null, "lasteditby": "postgres", "valid": null, "keterangan": null }, "geometry": { "type": "MultiLineString", "coordinates": [ [ [ 102.422288093711899, -1.465362046550754 ], [ 102.421718412755794, -1.465031249726179 ] ] ] } },
{ "type": "Feature", "properties": { "id": 68, "diameter": 2.0, "jenis": "PVC", "length": 35.45, "kedalaman": null, "tahun_pasa": null, "tanggal_pa": null, "pelaksana": null, "sumber_dan": null, "jenis_jari": null, "as_built_d": "http://192.168.1.2/fotogis/asbuilt/pipa_pipa_terpasang/", "file_as_bu": null, "narasumber": null, "sumber_air": null, "lasteditby": "postgres", "valid": null, "keterangan": null }, "geometry": { "type": "MultiLineString", "coordinates": [ [ [ 102.422341486173707, -1.46442233281344 ], [ 102.422659933861496, -1.464424089016729 ] ] ] } },
{ "type": "Feature", "properties": { "id": 69, "diameter": 2.0, "jenis": "PVC", "length": 30.61, "kedalaman": null, "tahun_pasa": null, "tanggal_pa": null, "pelaksana": null, "sumber_dan": null, "jenis_jari": null, "as_built_d": "http://192.168.1.2/fotogis/asbuilt/pipa_pipa_terpasang/", "file_as_bu": null, "narasumber": null, "sumber_air": null, "lasteditby": "postgres", "valid": null, "keterangan": null }, "geometry": { "type": "MultiLineString", "coordinates": [ [ [ 102.422340772985507, -1.464465203294979 ], [ 102.422615737598903, -1.464467019648745 ] ] ] } },
{ "type": "Feature", "properties": { "id": 70, "diameter": 2.0, "jenis": "PVC", "length": 116.88, "kedalaman": null, "tahun_pasa": null, "tanggal_pa": null, "pelaksana": null, "sumber_dan": null, "jenis_jari": null, "as_built_d": "http://192.168.1.2/fotogis/asbuilt/pipa_pipa_terpasang/", "file_as_bu": null, "narasumber": null, "sumber_air": null, "lasteditby": "postgres", "valid": null, "keterangan": null }, "geometry": { "type": "MultiLineString", "coordinates": [ [ [ 102.422342136826799, -1.465035160774736 ], [ 102.422939786029005, -1.465041112768908 ], [ 102.423391928179001, -1.465052575023226 ] ] ] } },
{ "type": "Feature", "properties": { "id": 71, "diameter": 2.0, "jenis": "PVC", "length": 105.36, "kedalaman": null, "tahun_pasa": null, "tanggal_pa": null, "pelaksana": null, "sumber_dan": null, "jenis_jari": null, "as_built_d": "http://192.168.1.2/fotogis/asbuilt/pipa_pipa_terpasang/", "file_as_bu": null, "narasumber": null, "sumber_air": null, "lasteditby": "postgres", "valid": null, "keterangan": null }, "geometry": { "type": "MultiLineString", "coordinates": [ [ [ 102.422342448632094, -1.465136070016709 ], [ 102.423002913044002, -1.465138624136626 ], [ 102.423288772606298, -1.465147558490403 ] ] ] } },
{ "type": "Feature", "properties": { "id": 73, "diameter": 2.0, "jenis": "PVC", "length": 99.08, "kedalaman": null, "tahun_pasa": null, "tanggal_pa": null, "pelaksana": null, "sumber_dan": null, "jenis_jari": null, "as_built_d": "http://192.168.1.2/fotogis/asbuilt/pipa_pipa_terpasang/", "file_as_bu": null, "narasumber": null, "sumber_air": null, "lasteditby": "postgres", "valid": null, "keterangan": null }, "geometry": { "type": "MultiLineString", "coordinates": [ [ [ 102.4223445226378, -1.465443058498735 ], [ 102.422664657092298, -1.465442721823149 ], [ 102.423052414220905, -1.465443963466242 ], [ 102.423234432043998, -1.465437079669457 ] ] ] } },
{ "type": "Feature", "properties": { "id": 75, "diameter": 2.0, "jenis": "PVC", "length": 99.83, "kedalaman": null, "tahun_pasa": null, "tanggal_pa": null, "pelaksana": null, "sumber_dan": null, "jenis_jari": null, "as_built_d": "http://192.168.1.2/fotogis/asbuilt/pipa_pipa_terpasang/", "file_as_bu": null, "narasumber": null, "sumber_air": null, "lasteditby": "postgres", "valid": null, "keterangan": null }, "geometry": { "type": "MultiLineString", "coordinates": [ [ [ 102.422349705020096, -1.465679340327384 ], [ 102.422644805925003, -1.465687645487696 ], [ 102.423246253476805, -1.465697354193181 ] ] ] } },
{ "type": "Feature", "properties": { "id": 82, "diameter": 2.0, "jenis": "PVC", "length": 73.97, "kedalaman": null, "tahun_pasa": null, "tanggal_pa": null, "pelaksana": null, "sumber_dan": null, "jenis_jari": null, "as_built_d": "http://192.168.1.2/fotogis/asbuilt/pipa_pipa_terpasang/", "file_as_bu": null, "narasumber": null, "sumber_air": null, "lasteditby": "postgres", "valid": null, "keterangan": null }, "geometry": { "type": "MultiLineString", "coordinates": [ [ [ 102.460931659928306, -1.470884197938269 ], [ 102.460929801266602, -1.470541883808687 ], [ 102.460923211221697, -1.470219980691567 ] ] ] } },
{ "type": "Feature", "properties": { "id": 77, "diameter": 2.0, "jenis": "PVC", "length": 97.05, "kedalaman": null, "tahun_pasa": null, "tanggal_pa": null, "pelaksana": null, "sumber_dan": null, "jenis_jari": null, "as_built_d": "http://192.168.1.2/fotogis/asbuilt/pipa_pipa_terpasang/", "file_as_bu": null, "narasumber": null, "sumber_air": null, "lasteditby": "postgres", "valid": null, "keterangan": null }, "geometry": { "type": "MultiLineString", "coordinates": [ [ [ 102.422366285875498, -1.466048251533958 ], [ 102.422547956436901, -1.466053734911837 ], [ 102.422641733112101, -1.466053822495098 ], [ 102.422785615368994, -1.466055922630072 ], [ 102.423092891354898, -1.466060217277957 ], [ 102.423238011364404, -1.466060110063376 ] ] ] } },
{ "type": "Feature", "properties": { "id": 78, "diameter": 2.0, "jenis": "PVC", "length": 31.93, "kedalaman": null, "tahun_pasa": null, "tanggal_pa": null, "pelaksana": null, "sumber_dan": null, "jenis_jari": null, "as_built_d": "http://192.168.1.2/fotogis/asbuilt/pipa_pipa_terpasang/", "file_as_bu": null, "narasumber": null, "sumber_air": null, "lasteditby": "postgres", "valid": null, "keterangan": null }, "geometry": { "type": "MultiLineString", "coordinates": [ [ [ 102.422307214643695, -1.466010645492433 ], [ 102.422068487657498, -1.465851705769058 ] ] ] } },
{ "type": "Feature", "properties": { "id": 79, "diameter": 2.0, "jenis": "PVC", "length": 211.91, "kedalaman": null, "tahun_pasa": null, "tanggal_pa": null, "pelaksana": null, "sumber_dan": null, "jenis_jari": null, "as_built_d": "http://192.168.1.2/fotogis/asbuilt/pipa_pipa_terpasang/", "file_as_bu": null, "narasumber": null, "sumber_air": null, "lasteditby": "postgres", "valid": null, "keterangan": null }, "geometry": { "type": "MultiLineString", "coordinates": [ [ [ 102.460565176957303, -1.473124839449015 ], [ 102.460658333414997, -1.473126589974542 ], [ 102.461126571860902, -1.473133557286825 ], [ 102.461600693441099, -1.473144971877046 ], [ 102.462019034327398, -1.473137801906828 ], [ 102.462468284866205, -1.473124357632768 ] ] ] } },
{ "type": "Feature", "properties": { "id": 130, "diameter": 3.0, "jenis": "PVC", "length": 145.64, "kedalaman": null, "tahun_pasa": null, "tanggal_pa": null, "pelaksana": null, "sumber_dan": null, "jenis_jari": null, "as_built_d": "http://192.168.1.2/fotogis/asbuilt/pipa_pipa_terpasang/", "file_as_bu": null, "narasumber": null, "sumber_air": null, "lasteditby": "postgres", "valid": null, "keterangan": null }, "geometry": { "type": "MultiLineString", "coordinates": [ [ [ 102.422343384064604, -1.465394234684599 ], [ 102.422556019613594, -1.465401128975157 ], [ 102.4227462589825, -1.465402659531866 ], [ 102.422990481217994, -1.465395898574004 ], [ 102.4232469157146, -1.465389267346535 ], [ 102.423278827448698, -1.465388807913903 ], [ 102.423308309877001, -1.465506057823714 ], [ 102.423327447002293, -1.465627438011189 ], [ 102.423341135701506, -1.465755403090066 ] ] ] } },
{ "type": "Feature", "properties": { "id": 64, "diameter": 2.0, "jenis": "PVC", "length": 124.96, "kedalaman": null, "tahun_pasa": null, "tanggal_pa": null, "pelaksana": null, "sumber_dan": null, "jenis_jari": null, "as_built_d": "http://192.168.1.2/fotogis/asbuilt/pipa_pipa_terpasang/", "file_as_bu": null, "narasumber": null, "sumber_air": null, "lasteditby": "mustofa", "valid": null, "keterangan": null }, "geometry": { "type": "MultiLineString", "coordinates": [ [ [ 102.446705508695061, -1.479751030030366 ], [ 102.446828119401715, -1.479935064953468 ], [ 102.447370704611799, -1.479631445219692 ], [ 102.447614484416206, -1.479494774947465 ] ] ] } },
{ "type": "Feature", "properties": { "id": 129, "diameter": 3.0, "jenis": "PVC", "length": 134.44, "kedalaman": null, "tahun_pasa": null, "tanggal_pa": null, "pelaksana": null, "sumber_dan": null, "jenis_jari": null, "as_built_d": "http://192.168.1.2/fotogis/asbuilt/pipa_pipa_terpasang/", "file_as_bu": null, "narasumber": null, "sumber_air": null, "lasteditby": "mustofa", "valid": null, "keterangan": null }, "geometry": { "type": "MultiLineString", "coordinates": [ [ [ 102.441624142132511, -1.46768032378251 ], [ 102.44233723777748, -1.468179038650822 ], [ 102.442519422876117, -1.468462948027851 ] ] ] } },
{ "type": "Feature", "properties": { "id": 44, "diameter": 2.0, "jenis": "PVC", "length": 273.05, "kedalaman": null, "tahun_pasa": null, "tanggal_pa": null, "pelaksana": null, "sumber_dan": null, "jenis_jari": null, "as_built_d": "http://192.168.1.2/fotogis/asbuilt/pipa_pipa_terpasang/", "file_as_bu": null, "narasumber": null, "sumber_air": null, "lasteditby": "mustofa", "valid": 1, "keterangan": null }, "geometry": { "type": "MultiLineString", "coordinates": [ [ [ 102.441998403849695, -1.476163273130815 ], [ 102.442297789381115, -1.476157800963378 ], [ 102.442732130580112, -1.476108668043213 ], [ 102.443146971264866, -1.476065694392636 ], [ 102.44354717254059, -1.476046267502693 ], [ 102.443993362495391, -1.47605621609213 ], [ 102.4440241379627, -1.475605147299005 ] ] ] } },
{ "type": "Feature", "properties": { "id": 45, "diameter": 2.0, "jenis": "PVC", "length": 150.12, "kedalaman": null, "tahun_pasa": null, "tanggal_pa": null, "pelaksana": null, "sumber_dan": null, "jenis_jari": null, "as_built_d": "http://192.168.1.2/fotogis/asbuilt/pipa_pipa_terpasang/", "file_as_bu": null, "narasumber": null, "sumber_air": null, "lasteditby": "mustofa", "valid": null, "keterangan": null }, "geometry": { "type": "MultiLineString", "coordinates": [ [ [ 102.441435497295501, -1.486232658467998 ], [ 102.441415070815793, -1.485499283146175 ], [ 102.441362527711902, -1.484887098571392 ] ] ] } },
{ "type": "Feature", "properties": { "id": 242, "diameter": 2.0, "jenis": "PVC", "length": 121.73, "kedalaman": null, "tahun_pasa": null, "tanggal_pa": null, "pelaksana": null, "sumber_dan": null, "jenis_jari": "Distribusi", "as_built_d": "http://192.168.1.4/fotogis/muara_tebo/asbuilt/pipa_pipa_terpasang/", "file_as_bu": null, "narasumber": null, "sumber_air": null, "lasteditby": "mustofa", "valid": null, "keterangan": null }, "geometry": { "type": "MultiLineString", "coordinates": [ [ [ 102.444058916183167, -1.49361363266186 ], [ 102.443988532051648, -1.493661629913999 ], [ 102.443283350277852, -1.492941109734843 ] ] ] } },
{ "type": "Feature", "properties": { "id": 81, "diameter": 2.0, "jenis": "PVC", "length": 26.14, "kedalaman": null, "tahun_pasa": null, "tanggal_pa": null, "pelaksana": null, "sumber_dan": null, "jenis_jari": null, "as_built_d": "http://192.168.1.2/fotogis/asbuilt/pipa_pipa_terpasang/", "file_as_bu": null, "narasumber": null, "sumber_air": null, "lasteditby": "postgres", "valid": null, "keterangan": null }, "geometry": { "type": "MultiLineString", "coordinates": [ [ [ 102.461146658992604, -1.470909457013692 ], [ 102.461381501182103, -1.470912001739108 ] ] ] } },
{ "type": "Feature", "properties": { "id": 238, "diameter": 3.0, "jenis": "PVC", "length": 723.8, "kedalaman": null, "tahun_pasa": null, "tanggal_pa": null, "pelaksana": null, "sumber_dan": null, "jenis_jari": "Distribusi", "as_built_d": "http://192.168.1.4/fotogis/muara_tebo/asbuilt/pipa_pipa_terpasang/", "file_as_bu": null, "narasumber": null, "sumber_air": null, "lasteditby": "mustofa", "valid": null, "keterangan": null }, "geometry": { "type": "MultiLineString", "coordinates": [ [ [ 102.445697499850468, -1.465864239751811 ], [ 102.445847827125888, -1.466508583418407 ], [ 102.445969830541031, -1.466849603333874 ], [ 102.446045198717314, -1.467073429569165 ], [ 102.446119090583124, -1.467474444617834 ], [ 102.446158534131087, -1.467648053407488 ], [ 102.446262757452729, -1.467813569226623 ], [ 102.446366168967856, -1.467928221100968 ], [ 102.446527168565694, -1.468091195114272 ], [ 102.446653025881233, -1.46819903228614 ], [ 102.446761191484811, -1.468298715383451 ], [ 102.446788962038539, -1.468366624541061 ], [ 102.446802922058197, -1.468443018387933 ], [ 102.446719449996465, -1.469124603213088 ], [ 102.44671577722518, -1.469304409666587 ], [ 102.446736236062861, -1.469399638738138 ], [ 102.446787400070306, -1.469471564920495 ], [ 102.446821173520036, -1.469511055933726 ], [ 102.44685240407243, -1.469590789754169 ], [ 102.446840217151376, -1.469701002333012 ], [ 102.4468131667481, -1.469807664348654 ], [ 102.446828179715908, -1.469896093447989 ], [ 102.446835695472615, -1.470453295085012 ], [ 102.446881067173749, -1.470556046462227 ], [ 102.446923189465863, -1.470649380227103 ], [ 102.446980777548575, -1.470697702366066 ], [ 102.447059909060656, -1.470715034002812 ], [ 102.448242370977908, -1.470757110471876 ] ] ] } },
{ "type": "Feature", "properties": { "id": 87, "diameter": 2.0, "jenis": "PVC", "length": 90.69, "kedalaman": null, "tahun_pasa": null, "tanggal_pa": null, "pelaksana": null, "sumber_dan": null, "jenis_jari": null, "as_built_d": "http://192.168.1.2/fotogis/asbuilt/pipa_pipa_terpasang/", "file_as_bu": null, "narasumber": null, "sumber_air": null, "lasteditby": "postgres", "valid": null, "keterangan": null }, "geometry": { "type": "MultiLineString", "coordinates": [ [ [ 102.361405392209093, -1.46742432741108 ], [ 102.362132858445307, -1.467057773188751 ] ] ] } },
{ "type": "Feature", "properties": { "id": 88, "diameter": 2.0, "jenis": "PVC", "length": 61.01, "kedalaman": null, "tahun_pasa": null, "tanggal_pa": null, "pelaksana": null, "sumber_dan": null, "jenis_jari": null, "as_built_d": "http://192.168.1.2/fotogis/asbuilt/pipa_pipa_terpasang/", "file_as_bu": null, "narasumber": null, "sumber_air": null, "lasteditby": "postgres", "valid": null, "keterangan": null }, "geometry": { "type": "MultiLineString", "coordinates": [ [ [ 102.361266269010102, -1.467165758728305 ], [ 102.361759334662395, -1.466926517151682 ] ] ] } },
{ "type": "Feature", "properties": { "id": 90, "diameter": 2.0, "jenis": "PVC", "length": 17.77, "kedalaman": null, "tahun_pasa": null, "tanggal_pa": null, "pelaksana": null, "sumber_dan": null, "jenis_jari": null, "as_built_d": "http://192.168.1.2/fotogis/asbuilt/pipa_pipa_terpasang/", "file_as_bu": null, "narasumber": null, "sumber_air": null, "lasteditby": "postgres", "valid": null, "keterangan": null }, "geometry": { "type": "MultiLineString", "coordinates": [ [ [ 102.361201566438993, -1.467050764459545 ], [ 102.361127776447603, -1.466909265871743 ] ] ] } },
{ "type": "Feature", "properties": { "id": 92, "diameter": 2.0, "jenis": "PVC", "length": 99.46, "kedalaman": null, "tahun_pasa": null, "tanggal_pa": null, "pelaksana": null, "sumber_dan": null, "jenis_jari": null, "as_built_d": "http://192.168.1.2/fotogis/asbuilt/pipa_pipa_terpasang/", "file_as_bu": null, "narasumber": null, "sumber_air": null, "lasteditby": "postgres", "valid": null, "keterangan": null }, "geometry": { "type": "MultiLineString", "coordinates": [ [ [ 102.395606849693607, -1.465584891877375 ], [ 102.395152500258902, -1.465614256288773 ], [ 102.395051205568095, -1.465616557968772 ], [ 102.395056078642995, -1.465953301254122 ] ] ] } },
{ "type": "Feature", "properties": { "id": 93, "diameter": 2.0, "jenis": "PVC", "length": 29.22, "kedalaman": null, "tahun_pasa": null, "tanggal_pa": null, "pelaksana": null, "sumber_dan": null, "jenis_jari": null, "as_built_d": "http://192.168.1.2/fotogis/asbuilt/pipa_pipa_terpasang/", "file_as_bu": null, "narasumber": null, "sumber_air": null, "lasteditby": "postgres", "valid": null, "keterangan": null }, "geometry": { "type": "MultiLineString", "coordinates": [ [ [ 102.395093327926702, -1.465615946476244 ], [ 102.395092508985698, -1.46535356936488 ] ] ] } },
{ "type": "Feature", "properties": { "id": 94, "diameter": 2.0, "jenis": "PVC", "length": 81.42, "kedalaman": null, "tahun_pasa": null, "tanggal_pa": null, "pelaksana": null, "sumber_dan": null, "jenis_jari": null, "as_built_d": "http://192.168.1.2/fotogis/asbuilt/pipa_pipa_terpasang/", "file_as_bu": null, "narasumber": null, "sumber_air": null, "lasteditby": "postgres", "valid": null, "keterangan": null }, "geometry": { "type": "MultiLineString", "coordinates": [ [ [ 102.403372051831099, -1.461537259435753 ], [ 102.403286088568905, -1.462263353043875 ] ] ] } },
{ "type": "Feature", "properties": { "id": 95, "diameter": 2.0, "jenis": "PVC", "length": 78.2, "kedalaman": null, "tahun_pasa": null, "tanggal_pa": null, "pelaksana": null, "sumber_dan": null, "jenis_jari": null, "as_built_d": "http://192.168.1.2/fotogis/asbuilt/pipa_pipa_terpasang/", "file_as_bu": null, "narasumber": null, "sumber_air": null, "lasteditby": "postgres", "valid": null, "keterangan": null }, "geometry": { "type": "MultiLineString", "coordinates": [ [ [ 102.410549276209295, -1.464834860591284 ], [ 102.410565955906605, -1.465041289468494 ], [ 102.410574961182107, -1.465177144555919 ], [ 102.410596606481306, -1.465414361046903 ], [ 102.410603880151797, -1.465534931108185 ] ] ] } },
{ "type": "Feature", "properties": { "id": 180, "diameter": 4.0, "jenis": "PVC", "length": 770.08, "kedalaman": null, "tahun_pasa": null, "tanggal_pa": null, "pelaksana": null, "sumber_dan": null, "jenis_jari": null, "as_built_d": "http://192.168.1.2/fotogis/asbuilt/pipa_pipa_terpasang/", "file_as_bu": null, "narasumber": null, "sumber_air": null, "lasteditby": "mustofa", "valid": null, "keterangan": null }, "geometry": { "type": "MultiLineString", "coordinates": [ [ [ 102.429288766989202, -1.46284545863971 ], [ 102.429288733301931, -1.462865761490567 ], [ 102.429227896100798, -1.462863084649686 ], [ 102.429245263754595, -1.463105780426929 ], [ 102.428829089830302, -1.463081898456955 ], [ 102.428014848036796, -1.463049563422457 ], [ 102.427512972304072, -1.463061111978942 ], [ 102.427377435175615, -1.464074780823815 ], [ 102.427298407683651, -1.464518639608684 ], [ 102.427315162389149, -1.465005861997333 ], [ 102.427409687755883, -1.465429146930775 ], [ 102.42751170447157, -1.466003772870508 ], [ 102.427585979448011, -1.466425595517265 ], [ 102.427791331943965, -1.467606352997003 ], [ 102.427853808196403, -1.467851183118663 ] ] ] } },
{ "type": "Feature", "properties": { "id": 101, "diameter": 2.0, "jenis": "PVC", "length": 74.51, "kedalaman": null, "tahun_pasa": null, "tanggal_pa": null, "pelaksana": null, "sumber_dan": null, "jenis_jari": null, "as_built_d": "http://192.168.1.2/fotogis/asbuilt/pipa_pipa_terpasang/", "file_as_bu": null, "narasumber": null, "sumber_air": null, "lasteditby": "mustofa", "valid": null, "keterangan": null }, "geometry": { "type": "MultiLineString", "coordinates": [ [ [ 102.412762081216485, -1.461138802152557 ], [ 102.412583505864546, -1.461090899714207 ], [ 102.412125115970682, -1.46093419834629 ] ] ] } },
{ "type": "Feature", "properties": { "id": 102, "diameter": 2.0, "jenis": "PVC", "length": 84.45, "kedalaman": null, "tahun_pasa": null, "tanggal_pa": null, "pelaksana": null, "sumber_dan": null, "jenis_jari": null, "as_built_d": "http://192.168.1.2/fotogis/asbuilt/pipa_pipa_terpasang/", "file_as_bu": null, "narasumber": null, "sumber_air": null, "lasteditby": "postgres", "valid": null, "keterangan": null }, "geometry": { "type": "MultiLineString", "coordinates": [ [ [ 102.412799270348003, -1.460853993934218 ], [ 102.412422356989794, -1.460767040877655 ], [ 102.412060847604195, -1.460680135959888 ] ] ] } },
{ "type": "Feature", "properties": { "id": 104, "diameter": 2.0, "jenis": "PVC", "length": 272.66, "kedalaman": null, "tahun_pasa": null, "tanggal_pa": null, "pelaksana": null, "sumber_dan": null, "jenis_jari": null, "as_built_d": "http://192.168.1.2/fotogis/asbuilt/pipa_pipa_terpasang/", "file_as_bu": null, "narasumber": null, "sumber_air": null, "lasteditby": "mustofa", "valid": null, "keterangan": null }, "geometry": { "type": "MultiLineString", "coordinates": [ [ [ 102.415213093674282, -1.462788384107081 ], [ 102.415186173764525, -1.462488902442703 ], [ 102.415158521902939, -1.462271411961173 ], [ 102.415135889923135, -1.461988084312442 ], [ 102.415095240748869, -1.461704176986467 ], [ 102.414979919584013, -1.461421053339792 ], [ 102.414792475973556, -1.461151426181191 ], [ 102.414421886705213, -1.460529868696512 ] ] ] } },
{ "type": "Feature", "properties": { "id": 245, "diameter": 2.0, "jenis": "PVC", "length": 97.89, "kedalaman": null, "tahun_pasa": null, "tanggal_pa": null, "pelaksana": null, "sumber_dan": null, "jenis_jari": "Distribusi", "as_built_d": "http://192.168.1.4/fotogis/muara_tebo/asbuilt/pipa_pipa_terpasang/", "file_as_bu": null, "narasumber": null, "sumber_air": null, "lasteditby": "mustofa", "valid": null, "keterangan": null }, "geometry": { "type": "MultiLineString", "coordinates": [ [ [ 102.437934538136957, -1.471673481839152 ], [ 102.438813531654517, -1.471698449808366 ] ] ] } },
{ "type": "Feature", "properties": { "id": 244, "diameter": 2.0, "jenis": "PVC", "length": 98.74, "kedalaman": null, "tahun_pasa": null, "tanggal_pa": null, "pelaksana": null, "sumber_dan": null, "jenis_jari": "Distribusi", "as_built_d": "http://192.168.1.4/fotogis/muara_tebo/asbuilt/pipa_pipa_terpasang/", "file_as_bu": null, "narasumber": null, "sumber_air": null, "lasteditby": "mustofa", "valid": null, "keterangan": null }, "geometry": { "type": "MultiLineString", "coordinates": [ [ [ 102.437944821159491, -1.471302394115481 ], [ 102.438831080837929, -1.471337641014132 ] ] ] } },
{ "type": "Feature", "properties": { "id": 105, "diameter": 2.0, "jenis": "PVC", "length": 108.02, "kedalaman": null, "tahun_pasa": null, "tanggal_pa": null, "pelaksana": null, "sumber_dan": null, "jenis_jari": null, "as_built_d": "http://192.168.1.2/fotogis/asbuilt/pipa_pipa_terpasang/", "file_as_bu": null, "narasumber": null, "sumber_air": null, "lasteditby": "mustofa", "valid": null, "keterangan": null }, "geometry": { "type": "MultiLineString", "coordinates": [ [ [ 102.416135394339051, -1.462783152467372 ], [ 102.416127765749422, -1.462548099674801 ], [ 102.41611890667933, -1.462331839673735 ], [ 102.416109832937707, -1.462178840460934 ], [ 102.416079048644605, -1.462054401782078 ], [ 102.4160510066027, -1.461819138370861 ] ] ] } },
{ "type": "Feature", "properties": { "id": 246, "diameter": 2.0, "jenis": "PVC", "length": 174.93, "kedalaman": null, "tahun_pasa": null, "tanggal_pa": null, "pelaksana": null, "sumber_dan": null, "jenis_jari": "Distribusi", "as_built_d": "http://192.168.1.4/fotogis/muara_tebo/asbuilt/pipa_pipa_terpasang/", "file_as_bu": null, "narasumber": null, "sumber_air": null, "lasteditby": "mustofa", "valid": null, "keterangan": null }, "geometry": { "type": "MultiLineString", "coordinates": [ [ [ 102.437935556988194, -1.471373240207349 ], [ 102.436365206958655, -1.471315983688187 ] ] ] } },
{ "type": "Feature", "properties": { "id": 249, "diameter": 2.0, "jenis": "PVC", "length": 98.12, "kedalaman": null, "tahun_pasa": null, "tanggal_pa": null, "pelaksana": null, "sumber_dan": "PDAM", "jenis_jari": "Transmisi", "as_built_d": "http://192.168.1.4/fotogis/muara_tebo/asbuilt/pipa_pipa_terpasang/", "file_as_bu": null, "narasumber": null, "sumber_air": null, "lasteditby": "mustofa", "valid": null, "keterangan": null }, "geometry": { "type": "MultiLineString", "coordinates": [ [ [ 102.437931421027372, -1.471939344030321 ], [ 102.438812456746177, -1.471966861989117 ] ] ] } },
{ "type": "Feature", "properties": { "id": 247, "diameter": 2.0, "jenis": "PVC", "length": 175.83, "kedalaman": null, "tahun_pasa": null, "tanggal_pa": null, "pelaksana": null, "sumber_dan": null, "jenis_jari": "Distribusi", "as_built_d": "http://192.168.1.4/fotogis/muara_tebo/asbuilt/pipa_pipa_terpasang/", "file_as_bu": null, "narasumber": null, "sumber_air": null, "lasteditby": "mustofa", "valid": null, "keterangan": null }, "geometry": { "type": "MultiLineString", "coordinates": [ [ [ 102.437941805116466, -1.471610996456026 ], [ 102.436363331291489, -1.471554450676875 ] ] ] } },
{ "type": "Feature", "properties": { "id": 248, "diameter": 2.0, "jenis": "PVC", "length": 175.73, "kedalaman": null, "tahun_pasa": null, "tanggal_pa": null, "pelaksana": null, "sumber_dan": null, "jenis_jari": "Distribusi", "as_built_d": "http://192.168.1.4/fotogis/muara_tebo/asbuilt/pipa_pipa_terpasang/", "file_as_bu": null, "narasumber": null, "sumber_air": null, "lasteditby": "mustofa", "valid": null, "keterangan": null }, "geometry": { "type": "MultiLineString", "coordinates": [ [ [ 102.437933364617948, -1.471680860932853 ], [ 102.436355793436917, -1.471624236182586 ] ] ] } },
{ "type": "Feature", "properties": { "id": 86, "diameter": 2.0, "jenis": "PVC", "length": 179.87, "kedalaman": null, "tahun_pasa": null, "tanggal_pa": null, "pelaksana": null, "sumber_dan": null, "jenis_jari": null, "as_built_d": "http://192.168.1.2/fotogis/asbuilt/pipa_pipa_terpasang/", "file_as_bu": null, "narasumber": null, "sumber_air": null, "lasteditby": "mustofa", "valid": null, "keterangan": null }, "geometry": { "type": "MultiLineString", "coordinates": [ [ [ 102.449451867886197, -1.482494841944115 ], [ 102.449406234140113, -1.48250692712156 ], [ 102.449366223351277, -1.482514337139057 ], [ 102.449318032866699, -1.482524642155397 ], [ 102.44929481478465, -1.482547169363087 ], [ 102.449232426558396, -1.482602669571919 ], [ 102.449098881620188, -1.482720692375967 ], [ 102.448985299338773, -1.482754086700296 ], [ 102.448894499152601, -1.482827093212948 ], [ 102.448772029467605, -1.482912839924785 ], [ 102.4486352150833, -1.483012234954706 ], [ 102.448498023188606, -1.483103281755055 ], [ 102.448327518808995, -1.483225240957526 ], [ 102.4481242968468, -1.483381827182741 ] ] ] } },
{ "type": "Feature", "properties": { "id": 251, "diameter": 2.0, "jenis": "PVC", "length": 175.73, "kedalaman": null, "tahun_pasa": null, "tanggal_pa": null, "pelaksana": null, "sumber_dan": "PDAM", "jenis_jari": "Distribusi", "as_built_d": "http://192.168.1.4/fotogis/muara_tebo/asbuilt/pipa_pipa_terpasang/", "file_as_bu": null, "narasumber": null, "sumber_air": null, "lasteditby": "mustofa", "valid": null, "keterangan": null }, "geometry": { "type": "MultiLineString", "coordinates": [ [ [ 102.437930913239057, -1.471943936221104 ], [ 102.436840684469217, -1.471906069362896 ], [ 102.436352997735739, -1.471904168325852 ] ] ] } },
{ "type": "Feature", "properties": { "id": 250, "diameter": 2.0, "jenis": "PVC", "length": 98.26, "kedalaman": null, "tahun_pasa": null, "tanggal_pa": null, "pelaksana": null, "sumber_dan": null, "jenis_jari": "Distribusi", "as_built_d": "http://192.168.1.4/fotogis/muara_tebo/asbuilt/pipa_pipa_terpasang/", "file_as_bu": null, "narasumber": null, "sumber_air": null, "lasteditby": "mustofa", "valid": null, "keterangan": null }, "geometry": { "type": "MultiLineString", "coordinates": [ [ [ 102.437930822401583, -1.471994879137011 ], [ 102.438813381485517, -1.472008620523449 ] ] ] } },
{ "type": "Feature", "properties": { "id": 252, "diameter": 2.0, "jenis": "PVC", "length": 175.23, "kedalaman": null, "tahun_pasa": null, "tanggal_pa": null, "pelaksana": null, "sumber_dan": "PDAM", "jenis_jari": "Distribusi", "as_built_d": "http://192.168.1.4/fotogis/muara_tebo/asbuilt/pipa_pipa_terpasang/", "file_as_bu": null, "narasumber": null, "sumber_air": null, "lasteditby": "mustofa", "valid": null, "keterangan": null }, "geometry": { "type": "MultiLineString", "coordinates": [ [ [ 102.437930484012483, -1.471985813212103 ], [ 102.436356483512313, -1.471964803411702 ] ] ] } },
{ "type": "Feature", "properties": { "id": 83, "diameter": 2.0, "jenis": "PVC", "length": 486.62, "kedalaman": null, "tahun_pasa": null, "tanggal_pa": null, "pelaksana": null, "sumber_dan": null, "jenis_jari": null, "as_built_d": "http://192.168.1.2/fotogis/asbuilt/pipa_pipa_terpasang/", "file_as_bu": null, "narasumber": null, "sumber_air": null, "lasteditby": "mustofa", "valid": null, "keterangan": null }, "geometry": { "type": "MultiLineString", "coordinates": [ [ [ 102.450707543529205, -1.482252495795301 ], [ 102.450794472983588, -1.482931087702954 ], [ 102.450795055936396, -1.482938512964249 ], [ 102.450810287100595, -1.483626993210793 ], [ 102.450780530667785, -1.483851338882246 ], [ 102.450685948486353, -1.48402805822123 ], [ 102.450739462089004, -1.484192332536341 ], [ 102.450829066260937, -1.484632886381413 ], [ 102.450858934318219, -1.484729957567615 ], [ 102.450886313370745, -1.484824539749043 ], [ 102.450719550050877, -1.485382076818513 ], [ 102.45041340246361, -1.486499639962226 ] ] ] } },
{ "type": "Feature", "properties": { "id": 253, "diameter": 2.0, "jenis": "PVC", "length": 98.64, "kedalaman": null, "tahun_pasa": null, "tanggal_pa": null, "pelaksana": null, "sumber_dan": null, "jenis_jari": "Distribusi", "as_built_d": "http://192.168.1.4/fotogis/muara_tebo/asbuilt/pipa_pipa_terpasang/", "file_as_bu": null, "narasumber": null, "sumber_air": null, "lasteditby": "mustofa", "valid": null, "keterangan": null }, "geometry": { "type": "MultiLineString", "coordinates": [ [ [ 102.437922983596877, -1.472237960821182 ], [ 102.438808882381494, -1.472258686445765 ] ] ] } },
{ "type": "Feature", "properties": { "id": 254, "diameter": 2.0, "jenis": "PVC", "length": 98.32, "kedalaman": null, "tahun_pasa": null, "tanggal_pa": null, "pelaksana": null, "sumber_dan": null, "jenis_jari": "Distribusi", "as_built_d": "http://192.168.1.4/fotogis/muara_tebo/asbuilt/pipa_pipa_terpasang/", "file_as_bu": null, "narasumber": null, "sumber_air": null, "lasteditby": "mustofa", "valid": null, "keterangan": null }, "geometry": { "type": "MultiLineString", "coordinates": [ [ [ 102.437924900998965, -1.472301461781059 ], [ 102.438807933909544, -1.472320619031106 ] ] ] } },
{ "type": "Feature", "properties": { "id": 103, "diameter": 2.0, "jenis": "PVC", "length": 336.74, "kedalaman": null, "tahun_pasa": null, "tanggal_pa": null, "pelaksana": null, "sumber_dan": null, "jenis_jari": null, "as_built_d": "http://192.168.1.2/fotogis/asbuilt/pipa_pipa_terpasang/", "file_as_bu": null, "narasumber": null, "sumber_air": null, "lasteditby": "mustofa", "valid": null, "keterangan": null }, "geometry": { "type": "MultiLineString", "coordinates": [ [ [ 102.441707900847959, -1.491992666082302 ], [ 102.441716197530539, -1.49208227025418 ], [ 102.441732790895699, -1.492239907223227 ], [ 102.441764318289501, -1.492485489027636 ], [ 102.441795845683316, -1.492754301543273 ], [ 102.441837329096217, -1.493028092068459 ], [ 102.441883790518688, -1.493272014536352 ], [ 102.441937096704265, -1.493655528688677 ], [ 102.441979409785446, -1.493910651678055 ], [ 102.442039145900026, -1.494193153719951 ], [ 102.442083947985964, -1.494383562585194 ], [ 102.442108838033704, -1.494547836900306 ], [ 102.442122527559974, -1.494641174579346 ], [ 102.442146173105328, -1.494718333727353 ], [ 102.442195953200823, -1.494824116430266 ], [ 102.442264400832116, -1.49491620960692 ], [ 102.442284312870314, -1.494937366147502 ] ] ] } },
{ "type": "Feature", "properties": { "id": 84, "diameter": 2.0, "jenis": "PVC", "length": 96.73, "kedalaman": null, "tahun_pasa": null, "tanggal_pa": null, "pelaksana": null, "sumber_dan": null, "jenis_jari": null, "as_built_d": "http://192.168.1.2/fotogis/asbuilt/pipa_pipa_terpasang/", "file_as_bu": null, "narasumber": null, "sumber_air": null, "lasteditby": "mustofa", "valid": null, "keterangan": null }, "geometry": { "type": "MultiLineString", "coordinates": [ [ [ 102.453124597469696, -1.481434599601429 ], [ 102.453263618928091, -1.481864017880645 ], [ 102.453345163416557, -1.482273248293641 ] ] ] } },
{ "type": "Feature", "properties": { "id": 107, "diameter": 2.0, "jenis": "PVC", "length": 296.46, "kedalaman": null, "tahun_pasa": null, "tanggal_pa": null, "pelaksana": null, "sumber_dan": null, "jenis_jari": null, "as_built_d": "http://192.168.1.2/fotogis/asbuilt/pipa_pipa_terpasang/", "file_as_bu": null, "narasumber": null, "sumber_air": null, "lasteditby": "postgres", "valid": null, "keterangan": null }, "geometry": { "type": "MultiLineString", "coordinates": [ [ [ 102.417898033039194, -1.462794426924895 ], [ 102.418162979983705, -1.462815442183699 ], [ 102.418453689120298, -1.462819128694446 ], [ 102.418748133028402, -1.462816408648126 ], [ 102.418996672159494, -1.462812697388846 ], [ 102.419256669088497, -1.46280894456796 ], [ 102.419580127325801, -1.462806126591882 ], [ 102.419928358131401, -1.462795613734618 ], [ 102.4202669226284, -1.462790512809449 ], [ 102.420560027027804, -1.462793195897884 ] ] ] } },
{ "type": "Feature", "properties": { "id": 255, "diameter": 2.0, "jenis": "PVC", "length": 109.54, "kedalaman": null, "tahun_pasa": null, "tanggal_pa": null, "pelaksana": null, "sumber_dan": null, "jenis_jari": "Distribusi", "as_built_d": "http://192.168.1.4/fotogis/muara_tebo/asbuilt/pipa_pipa_terpasang/", "file_as_bu": null, "narasumber": null, "sumber_air": null, "lasteditby": "mustofa", "valid": null, "keterangan": null }, "geometry": { "type": "MultiLineString", "coordinates": [ [ [ 102.43792375980442, -1.472444361445484 ], [ 102.437925383417436, -1.472546089335066 ], [ 102.438807242809034, -1.472572625678816 ] ] ] } },
{ "type": "Feature", "properties": { "id": 143, "diameter": 3.0, "jenis": "PVC", "length": 236.3, "kedalaman": null, "tahun_pasa": null, "tanggal_pa": null, "pelaksana": null, "sumber_dan": null, "jenis_jari": null, "as_built_d": "http://192.168.1.2/fotogis/asbuilt/pipa_pipa_terpasang/", "file_as_bu": null, "narasumber": null, "sumber_air": null, "lasteditby": "mustofa", "valid": null, "keterangan": null }, "geometry": { "type": "MultiLineString", "coordinates": [ [ [ 102.432515779274951, -1.463182237673176 ], [ 102.432515031794694, -1.463160293638494 ], [ 102.432302455873497, -1.46315737845707 ], [ 102.431962752802306, -1.463144221825794 ], [ 102.431730398379599, -1.463128532059662 ], [ 102.431488419257306, -1.463118534931941 ], [ 102.431270657262203, -1.463111938455572 ], [ 102.431033214537607, -1.463109591257124 ], [ 102.4307346086444, -1.463108750665829 ], [ 102.430415531246496, -1.463100126151258 ] ] ] } },
{ "type": "Feature", "properties": { "id": 140, "diameter": 3.0, "jenis": "PVC", "length": 774.92, "kedalaman": null, "tahun_pasa": null, "tanggal_pa": null, "pelaksana": null, "sumber_dan": null, "jenis_jari": null, "as_built_d": "http://192.168.1.2/fotogis/asbuilt/pipa_pipa_terpasang/", "file_as_bu": null, "narasumber": null, "sumber_air": null, "lasteditby": "postgres", "valid": null, "keterangan": null }, "geometry": { "type": "MultiLineString", "coordinates": [ [ [ 102.460446520676697, -1.475153706736245 ], [ 102.460262466103003, -1.475111250815424 ], [ 102.460406889513706, -1.474745753269419 ], [ 102.4604028728846, -1.474516889857337 ], [ 102.460328047274899, -1.473679928387816 ], [ 102.460112086428197, -1.472139341050569 ], [ 102.459979539287502, -1.471319151626404 ], [ 102.459960967899903, -1.471152938127465 ], [ 102.459928320037903, -1.470802722055961 ], [ 102.4599157497112, -1.470160174283957 ], [ 102.459913153237494, -1.468400387766623 ] ] ] } },
{ "type": "Feature", "properties": { "id": 141, "diameter": 3.0, "jenis": "PVC", "length": 13.65, "kedalaman": null, "tahun_pasa": null, "tanggal_pa": null, "pelaksana": null, "sumber_dan": null, "jenis_jari": null, "as_built_d": "http://192.168.1.2/fotogis/asbuilt/pipa_pipa_terpasang/", "file_as_bu": null, "narasumber": null, "sumber_air": null, "lasteditby": "postgres", "valid": null, "keterangan": null }, "geometry": { "type": "MultiLineString", "coordinates": [ [ [ 102.460441836337296, -1.473123888613267 ], [ 102.460564458281894, -1.473124661931692 ] ] ] } },
{ "type": "Feature", "properties": { "id": 145, "diameter": 3.0, "jenis": "PVC", "length": 314.63, "kedalaman": null, "tahun_pasa": null, "tanggal_pa": null, "pelaksana": null, "sumber_dan": null, "jenis_jari": null, "as_built_d": "http://192.168.1.2/fotogis/asbuilt/pipa_pipa_terpasang/", "file_as_bu": null, "narasumber": null, "sumber_air": null, "lasteditby": "postgres", "valid": null, "keterangan": null }, "geometry": { "type": "MultiLineString", "coordinates": [ [ [ 102.3587608977233, -1.464896065214405 ], [ 102.359174060706295, -1.464717083240676 ], [ 102.359532622385998, -1.464559384169662 ], [ 102.359642798551306, -1.46451705476883 ], [ 102.359464211632599, -1.464151087304416 ], [ 102.359290156308802, -1.463759994256396 ], [ 102.359084132639893, -1.463292908050832 ], [ 102.358875061860601, -1.462816743857555 ] ] ] } },
{ "type": "Feature", "properties": { "id": 146, "diameter": 3.0, "jenis": "PVC", "length": 242.39, "kedalaman": null, "tahun_pasa": null, "tanggal_pa": null, "pelaksana": null, "sumber_dan": null, "jenis_jari": null, "as_built_d": "http://192.168.1.2/fotogis/asbuilt/pipa_pipa_terpasang/", "file_as_bu": null, "narasumber": null, "sumber_air": null, "lasteditby": "postgres", "valid": null, "keterangan": null }, "geometry": { "type": "MultiLineString", "coordinates": [ [ [ 102.460176658607594, -1.471310654116461 ], [ 102.460647966805098, -1.471318856331368 ], [ 102.461005634919999, -1.471320743637054 ], [ 102.461135743148702, -1.471323283414467 ], [ 102.461147570775594, -1.470894319412256 ], [ 102.460755230034906, -1.470878830893162 ], [ 102.460750548796796, -1.470482700999752 ] ] ] } },
{ "type": "Feature", "properties": { "id": 147, "diameter": 3.0, "jenis": "PVC", "length": 137.15, "kedalaman": null, "tahun_pasa": null, "tanggal_pa": null, "pelaksana": null, "sumber_dan": null, "jenis_jari": null, "as_built_d": "http://192.168.1.2/fotogis/asbuilt/pipa_pipa_terpasang/", "file_as_bu": null, "narasumber": null, "sumber_air": null, "lasteditby": "postgres", "valid": null, "keterangan": null }, "geometry": { "type": "MultiLineString", "coordinates": [ [ [ 102.358650714535997, -1.465076932293369 ], [ 102.359020851910003, -1.464907378597029 ], [ 102.359485565669104, -1.464702291464434 ], [ 102.359773047833698, -1.464568886417234 ] ] ] } },
{ "type": "Feature", "properties": { "id": 151, "diameter": 3.0, "jenis": "PVC", "length": 726.86, "kedalaman": null, "tahun_pasa": null, "tanggal_pa": null, "pelaksana": null, "sumber_dan": null, "jenis_jari": null, "as_built_d": "http://192.168.1.2/fotogis/asbuilt/pipa_pipa_terpasang/", "file_as_bu": null, "narasumber": null, "sumber_air": null, "lasteditby": "postgres", "valid": null, "keterangan": null }, "geometry": { "type": "MultiLineString", "coordinates": [ [ [ 102.427268453988006, -1.462829210117221 ], [ 102.427268344789695, -1.462795135181913 ], [ 102.427263603496598, -1.462355542766968 ], [ 102.427269862779099, -1.461966239119656 ], [ 102.4273535279942, -1.460983942330703 ], [ 102.427400835230998, -1.460458913786732 ], [ 102.427544823077298, -1.458859555160271 ], [ 102.428039783580999, -1.457660380025822 ], [ 102.427922931912903, -1.457343041770476 ], [ 102.427586583578005, -1.456497349157397 ] ] ] } },
{ "type": "Feature", "properties": { "id": 152, "diameter": 3.0, "jenis": "PVC", "length": 223.25, "kedalaman": null, "tahun_pasa": null, "tanggal_pa": null, "pelaksana": null, "sumber_dan": null, "jenis_jari": null, "as_built_d": "http://192.168.1.2/fotogis/asbuilt/pipa_pipa_terpasang/", "file_as_bu": null, "narasumber": null, "sumber_air": null, "lasteditby": "postgres", "valid": null, "keterangan": null }, "geometry": { "type": "MultiLineString", "coordinates": [ [ [ 102.428005979219606, -1.457570554743352 ], [ 102.427791800617797, -1.457696664414414 ], [ 102.427312544638497, -1.457923008104245 ], [ 102.426829974700198, -1.458119795425343 ], [ 102.426171312422696, -1.458373122579156 ] ] ] } },
{ "type": "Feature", "properties": { "id": 153, "diameter": 3.0, "jenis": "PVC", "length": 277.3, "kedalaman": null, "tahun_pasa": null, "tanggal_pa": null, "pelaksana": null, "sumber_dan": null, "jenis_jari": null, "as_built_d": "http://192.168.1.2/fotogis/asbuilt/pipa_pipa_terpasang/", "file_as_bu": null, "narasumber": null, "sumber_air": null, "lasteditby": "postgres", "valid": null, "keterangan": null }, "geometry": { "type": "MultiLineString", "coordinates": [ [ [ 102.409872943718497, -1.463411133033288 ], [ 102.409882866203901, -1.463583471353263 ], [ 102.4098870245152, -1.46368502081729 ], [ 102.409896220314394, -1.463913993771626 ], [ 102.409917595482199, -1.464205961130083 ], [ 102.409947180705004, -1.464437520314242 ], [ 102.409976519984795, -1.464736214294548 ], [ 102.409989545146502, -1.464886625145555 ], [ 102.4100146244716, -1.464932648183692 ], [ 102.410066632500602, -1.464929435617589 ], [ 102.410208188599, -1.464896620590122 ], [ 102.410333400475494, -1.464864775634772 ], [ 102.410701185120402, -1.464812919277755 ], [ 102.410924855996001, -1.464798724677385 ], [ 102.410959852636196, -1.464794904637094 ] ] ] } },
{ "type": "Feature", "properties": { "id": 154, "diameter": 3.0, "jenis": "PVC", "length": 79.48, "kedalaman": null, "tahun_pasa": null, "tanggal_pa": null, "pelaksana": null, "sumber_dan": null, "jenis_jari": null, "as_built_d": "http://192.168.1.2/fotogis/asbuilt/pipa_pipa_terpasang/", "file_as_bu": null, "narasumber": null, "sumber_air": null, "lasteditby": "postgres", "valid": null, "keterangan": null }, "geometry": { "type": "MultiLineString", "coordinates": [ [ [ 102.410221256699103, -1.464891476140127 ], [ 102.410238823677602, -1.465028342180872 ], [ 102.410258406762594, -1.465206377210534 ], [ 102.410270663506907, -1.465426100784174 ], [ 102.410285010294999, -1.465602133334373 ] ] ] } },
{ "type": "Feature", "properties": { "id": 109, "diameter": 2.0, "jenis": "PVC", "length": 268.06, "kedalaman": null, "tahun_pasa": null, "tanggal_pa": null, "pelaksana": null, "sumber_dan": null, "jenis_jari": null, "as_built_d": "http://192.168.1.2/fotogis/asbuilt/pipa_pipa_terpasang/", "file_as_bu": null, "narasumber": null, "sumber_air": null, "lasteditby": "mustofa", "valid": null, "keterangan": null }, "geometry": { "type": "MultiLineString", "coordinates": [ [ [ 102.41905470098088, -1.462811913827426 ], [ 102.41906413984681, -1.462641340036099 ], [ 102.41906683666565, -1.462480879315404 ], [ 102.419072230303314, -1.462313676547621 ], [ 102.419073578712712, -1.462080401718375 ], [ 102.419081669169231, -1.461834991204371 ], [ 102.419076275531566, -1.461581490233861 ], [ 102.419077623940979, -1.461298324256164 ], [ 102.419088411216293, -1.460963918720598 ], [ 102.419104592129329, -1.460405677221709 ] ] ] } },
{ "type": "Feature", "properties": { "id": 256, "diameter": 2.0, "jenis": "PVC", "length": 97.23, "kedalaman": null, "tahun_pasa": null, "tanggal_pa": null, "pelaksana": null, "sumber_dan": null, "jenis_jari": "Distribusi", "as_built_d": "http://192.168.1.4/fotogis/muara_tebo/asbuilt/pipa_pipa_terpasang/", "file_as_bu": null, "narasumber": null, "sumber_air": null, "lasteditby": "mustofa", "valid": null, "keterangan": null }, "geometry": { "type": "MultiLineString", "coordinates": [ [ [ 102.43799846361442, -1.47254970072943 ], [ 102.437999478372546, -1.472613280660418 ], [ 102.438809194172819, -1.472626118584297 ] ] ] } },
{ "type": "Feature", "properties": { "id": 144, "diameter": 3.0, "jenis": "PVC", "length": 376.6, "kedalaman": null, "tahun_pasa": null, "tanggal_pa": null, "pelaksana": null, "sumber_dan": null, "jenis_jari": null, "as_built_d": "http://192.168.1.2/fotogis/asbuilt/pipa_pipa_terpasang/", "file_as_bu": null, "narasumber": null, "sumber_air": null, "lasteditby": "mustofa", "valid": null, "keterangan": null }, "geometry": { "type": "MultiLineString", "coordinates": [ [ [ 102.358451779509394, -1.465016216670326 ], [ 102.358227972264245, -1.465051397016809 ], [ 102.35788559824644, -1.465185646274065 ], [ 102.357539673665443, -1.465334759013537 ], [ 102.357265328830323, -1.465470332912613 ], [ 102.357167119860435, -1.465595347869636 ], [ 102.357353256293607, -1.466055595630288 ], [ 102.357516078256594, -1.466404427943233 ], [ 102.357666307688504, -1.466742994388038 ], [ 102.357944577743297, -1.467379451216778 ] ] ] } },
{ "type": "Feature", "properties": { "id": 257, "diameter": 2.0, "jenis": "PVC", "length": 152.04, "kedalaman": null, "tahun_pasa": null, "tanggal_pa": null, "pelaksana": null, "sumber_dan": null, "jenis_jari": "Distribusi", "as_built_d": "http://192.168.1.4/fotogis/muara_tebo/asbuilt/pipa_pipa_terpasang/", "file_as_bu": null, "narasumber": null, "sumber_air": null, "lasteditby": "mustofa", "valid": null, "keterangan": null }, "geometry": { "type": "MultiLineString", "coordinates": [ [ [ 102.437929369209215, -1.472290156227176 ], [ 102.436563941448256, -1.472256810771152 ] ] ] } },
{ "type": "Feature", "properties": { "id": 108, "diameter": 2.0, "jenis": "PVC", "length": 269.87, "kedalaman": null, "tahun_pasa": null, "tanggal_pa": null, "pelaksana": null, "sumber_dan": null, "jenis_jari": null, "as_built_d": "http://192.168.1.2/fotogis/asbuilt/pipa_pipa_terpasang/", "file_as_bu": null, "narasumber": null, "sumber_air": null, "lasteditby": "mustofa", "valid": null, "keterangan": null }, "geometry": { "type": "MultiLineString", "coordinates": [ [ [ 102.441937096704265, -1.493655528688677 ], [ 102.441843180829196, -1.493669941700744 ], [ 102.441744616530599, -1.493672273739352 ], [ 102.441612110373001, -1.493680220923303 ], [ 102.4414190078828, -1.493691476833827 ], [ 102.441243348354007, -1.493713949319483 ], [ 102.441020073199596, -1.493740430270778 ], [ 102.440762594958699, -1.493776198047525 ], [ 102.440491478845004, -1.49383152914032 ], [ 102.4402651566337, -1.493894220626778 ], [ 102.440127809031196, -1.493912204396541 ], [ 102.439926005461402, -1.493955975087353 ], [ 102.439725777452395, -1.49401655190421 ], [ 102.439554601786, -1.494060961706857 ] ] ] } },
{ "type": "Feature", "properties": { "id": 131, "diameter": 3.0, "jenis": "PVC", "length": 111.35, "kedalaman": null, "tahun_pasa": null, "tanggal_pa": null, "pelaksana": null, "sumber_dan": null, "jenis_jari": null, "as_built_d": "http://192.168.1.2/fotogis/asbuilt/pipa_pipa_terpasang/", "file_as_bu": null, "narasumber": null, "sumber_air": null, "lasteditby": "mustofa", "valid": null, "keterangan": null }, "geometry": { "type": "MultiLineString", "coordinates": [ [ [ 102.44233723777748, -1.468179038650822 ], [ 102.443217506829313, -1.467704206275573 ] ] ] } },
{ "type": "Feature", "properties": { "id": 142, "diameter": 3.0, "jenis": "PVC", "length": 77.3, "kedalaman": null, "tahun_pasa": null, "tanggal_pa": null, "pelaksana": null, "sumber_dan": null, "jenis_jari": null, "as_built_d": "http://192.168.1.2/fotogis/asbuilt/pipa_pipa_terpasang/", "file_as_bu": null, "narasumber": null, "sumber_air": null, "lasteditby": "sri", "valid": null, "keterangan": null }, "geometry": { "type": "MultiLineString", "coordinates": [ [ [ 102.360290503712591, -1.471623896692991 ], [ 102.360231375874335, -1.471684731218644 ], [ 102.360108686763212, -1.47178921082624 ], [ 102.359921563925568, -1.471960848270889 ], [ 102.359774489605684, -1.472087968179954 ] ] ] } },
{ "type": "Feature", "properties": { "id": 148, "diameter": 3.0, "jenis": "PVC", "length": 224.94, "kedalaman": null, "tahun_pasa": null, "tanggal_pa": null, "pelaksana": null, "sumber_dan": null, "jenis_jari": null, "as_built_d": "http://192.168.1.2/fotogis/asbuilt/pipa_pipa_terpasang/", "file_as_bu": null, "narasumber": null, "sumber_air": null, "lasteditby": "mustofa", "valid": null, "keterangan": null }, "geometry": { "type": "MultiLineString", "coordinates": [ [ [ 102.42739482005905, -1.467944455127827 ], [ 102.427387904709633, -1.468201852662484 ], [ 102.427395155665479, -1.468331137031333 ], [ 102.428254270021696, -1.468365085710723 ], [ 102.42826111550761, -1.468721763357845 ], [ 102.428334725616494, -1.46913199802915 ] ] ] } },
{ "type": "Feature", "properties": { "id": 156, "diameter": 3.0, "jenis": "PVC", "length": 59.49, "kedalaman": null, "tahun_pasa": null, "tanggal_pa": null, "pelaksana": null, "sumber_dan": null, "jenis_jari": null, "as_built_d": "http://192.168.1.2/fotogis/asbuilt/pipa_pipa_terpasang/", "file_as_bu": null, "narasumber": null, "sumber_air": null, "lasteditby": "postgres", "valid": null, "keterangan": null }, "geometry": { "type": "MultiLineString", "coordinates": [ [ [ 102.4244416674007, -1.465895156367041 ], [ 102.424430463671797, -1.466269235945614 ], [ 102.424423636577302, -1.466429092614343 ] ] ] } },
{ "type": "Feature", "properties": { "id": 182, "diameter": 4.0, "jenis": "PVC", "length": 550.89, "kedalaman": null, "tahun_pasa": null, "tanggal_pa": null, "pelaksana": null, "sumber_dan": null, "jenis_jari": null, "as_built_d": "http://192.168.1.2/fotogis/asbuilt/pipa_pipa_terpasang/", "file_as_bu": null, "narasumber": null, "sumber_air": null, "lasteditby": "postgres", "valid": null, "keterangan": null }, "geometry": { "type": "MultiLineString", "coordinates": [ [ [ 102.427470486488801, -1.465363018000593 ], [ 102.427143163480594, -1.465401687334526 ], [ 102.427067560735907, -1.464946107256384 ], [ 102.427101862659995, -1.46439143244495 ], [ 102.427118387320206, -1.463925882508997 ], [ 102.4271884007549, -1.463238052007899 ], [ 102.427187815427104, -1.463046486064777 ], [ 102.426901335388806, -1.463040783749094 ], [ 102.426416881080698, -1.463043993992077 ], [ 102.425878851925603, -1.463042532215199 ], [ 102.424935839445496, -1.463044926194809 ] ] ] } },
{ "type": "Feature", "properties": { "id": 183, "diameter": 4.0, "jenis": "PVC", "length": 522.87, "kedalaman": null, "tahun_pasa": null, "tanggal_pa": null, "pelaksana": null, "sumber_dan": null, "jenis_jari": null, "as_built_d": "http://192.168.1.2/fotogis/asbuilt/pipa_pipa_terpasang/", "file_as_bu": null, "narasumber": null, "sumber_air": null, "lasteditby": "postgres", "valid": null, "keterangan": null }, "geometry": { "type": "MultiLineString", "coordinates": [ [ [ 102.395670219506897, -1.461704376332995 ], [ 102.395667468043101, -1.461814772866955 ], [ 102.395660486368499, -1.462100400054741 ], [ 102.395646657031804, -1.462407873519352 ], [ 102.395628611449894, -1.462816454996679 ], [ 102.395605028326898, -1.463220052434032 ], [ 102.395590663788099, -1.463384029501988 ], [ 102.395582724496705, -1.463699341645368 ], [ 102.395576200460596, -1.463994666337942 ], [ 102.395576294438101, -1.464352668789015 ], [ 102.395588299361506, -1.464684605480231 ], [ 102.395599716483403, -1.465518287594469 ], [ 102.395636054133803, -1.466396517233868 ] ] ] } },
{ "type": "Feature", "properties": { "id": 196, "diameter": 6.0, "jenis": "PVC", "length": 930.88, "kedalaman": null, "tahun_pasa": null, "tanggal_pa": null, "pelaksana": null, "sumber_dan": null, "jenis_jari": null, "as_built_d": "http://192.168.1.2/fotogis/asbuilt/pipa_pipa_terpasang/", "file_as_bu": null, "narasumber": null, "sumber_air": null, "lasteditby": "mustofa", "valid": null, "keterangan": null }, "geometry": { "type": "MultiLineString", "coordinates": [ [ [ 102.446740828387945, -1.479741794116772 ], [ 102.446746031574364, -1.479749859413485 ], [ 102.446748314135249, -1.479756088715323 ], [ 102.44680404892425, -1.479723179796167 ], [ 102.446840758021082, -1.479705835950029 ], [ 102.446898275367133, -1.479673652732057 ], [ 102.446981709687989, -1.479629285066457 ], [ 102.447042890122503, -1.479593895572451 ], [ 102.447618831696005, -1.479284656261847 ], [ 102.448165871498603, -1.47899776126451 ], [ 102.448410480519399, -1.478920497493998 ], [ 102.448592533686806, -1.478939689242721 ], [ 102.448704168739098, -1.479004051620425 ], [ 102.448827005219698, -1.479136287373917 ], [ 102.448950225315201, -1.479400982225817 ], [ 102.449030462274806, -1.479814793047677 ], [ 102.4490593407631, -1.47996549762325 ], [ 102.449141030313598, -1.480373890994665 ], [ 102.449340647742304, -1.481152281646291 ], [ 102.449568330178295, -1.482051548150612 ], [ 102.449578870212093, -1.482091657250231 ], [ 102.449624592825998, -1.482218876339954 ], [ 102.449704875563, -1.482303966430781 ], [ 102.449811145089797, -1.482336688050608 ], [ 102.4499963062636, -1.482323802369341 ], [ 102.450263062635599, -1.482270523990541 ], [ 102.450734819259097, -1.482069821127938 ], [ 102.451593074001096, -1.481753591886774 ], [ 102.452243522306105, -1.481543663544406 ] ] ] } },
{ "type": "Feature", "properties": { "id": 188, "diameter": 4.0, "jenis": "PVC", "length": 264.53, "kedalaman": null, "tahun_pasa": null, "tanggal_pa": null, "pelaksana": null, "sumber_dan": null, "jenis_jari": null, "as_built_d": "http://192.168.1.2/fotogis/asbuilt/pipa_pipa_terpasang/", "file_as_bu": null, "narasumber": null, "sumber_air": null, "lasteditby": "postgres", "valid": null, "keterangan": null }, "geometry": { "type": "MultiLineString", "coordinates": [ [ [ 102.425508921667301, -1.462789140249764 ], [ 102.425480521249895, -1.462618494834211 ], [ 102.4253991276194, -1.462099443060476 ], [ 102.425335683746994, -1.461739991146391 ], [ 102.425221522298898, -1.461143744010382 ], [ 102.425199333220405, -1.461028647518459 ], [ 102.425073850403393, -1.460454304901712 ] ] ] } },
{ "type": "Feature", "properties": { "id": 166, "diameter": 4.0, "jenis": "PVC", "length": 48.02, "kedalaman": null, "tahun_pasa": null, "tanggal_pa": null, "pelaksana": null, "sumber_dan": null, "jenis_jari": null, "as_built_d": "http://192.168.1.2/fotogis/asbuilt/pipa_pipa_terpasang/", "file_as_bu": null, "narasumber": null, "sumber_air": null, "lasteditby": "mustofa", "valid": null, "keterangan": null }, "geometry": { "type": "MultiLineString", "coordinates": [ [ [ 102.432552527913529, -1.462948125434971 ], [ 102.432559734664281, -1.46318246151945 ], [ 102.432559736437327, -1.463182476151551 ], [ 102.432756597423904, -1.463181294203637 ] ] ] } },
{ "type": "Feature", "properties": { "id": 168, "diameter": 4.0, "jenis": "PVC", "length": 36.87, "kedalaman": null, "tahun_pasa": null, "tanggal_pa": null, "pelaksana": null, "sumber_dan": null, "jenis_jari": null, "as_built_d": "http://192.168.1.2/fotogis/asbuilt/pipa_pipa_terpasang/", "file_as_bu": null, "narasumber": null, "sumber_air": null, "lasteditby": "postgres", "valid": null, "keterangan": null }, "geometry": { "type": "MultiLineString", "coordinates": [ [ [ 102.358450672613003, -1.465015677117499 ], [ 102.358594100783506, -1.464961187827791 ], [ 102.358760262672504, -1.464898092381241 ] ] ] } },
{ "type": "Feature", "properties": { "id": 178, "diameter": 4.0, "jenis": "PVC", "length": 305.09, "kedalaman": null, "tahun_pasa": null, "tanggal_pa": null, "pelaksana": null, "sumber_dan": null, "jenis_jari": null, "as_built_d": "http://192.168.1.2/fotogis/asbuilt/pipa_pipa_terpasang/", "file_as_bu": null, "narasumber": null, "sumber_air": null, "lasteditby": "postgres", "valid": null, "keterangan": null }, "geometry": { "type": "MultiLineString", "coordinates": [ [ [ 102.422347536702304, -1.463421317942442 ], [ 102.422261978583606, -1.463417079599001 ], [ 102.422266211499903, -1.463657678617746 ], [ 102.422270388376901, -1.463933656020141 ], [ 102.422277598004499, -1.464321995510191 ], [ 102.422278253285498, -1.464728471489489 ], [ 102.422276858176801, -1.46504821366878 ], [ 102.4222895033935, -1.465443367118842 ], [ 102.422309578103295, -1.466070540126659 ] ] ] } },
{ "type": "Feature", "properties": { "id": 259, "diameter": 2.0, "jenis": "PVC", "length": 423.82, "kedalaman": null, "tahun_pasa": null, "tanggal_pa": null, "pelaksana": null, "sumber_dan": null, "jenis_jari": "Distribusi", "as_built_d": "http://192.168.1.4/fotogis/muara_tebo/asbuilt/pipa_pipa_terpasang/", "file_as_bu": null, "narasumber": null, "sumber_air": null, "lasteditby": "mustofa", "valid": null, "keterangan": null }, "geometry": { "type": "MultiLineString", "coordinates": [ [ [ 102.436576686491861, -1.470676711695946 ], [ 102.436521946826645, -1.470175789321574 ], [ 102.436456985107739, -1.469641198246575 ], [ 102.436434285618404, -1.46946491180426 ], [ 102.436348696479939, -1.469110397784927 ], [ 102.436308168340318, -1.469063008569041 ], [ 102.435418033760087, -1.468453263176955 ], [ 102.434714473962032, -1.467979999512497 ], [ 102.434668168246318, -1.467991327161772 ], [ 102.434555449050052, -1.468137621765367 ] ] ] } },
{ "type": "Feature", "properties": { "id": 258, "diameter": 2.0, "jenis": "PVC", "length": 95.15, "kedalaman": null, "tahun_pasa": null, "tanggal_pa": null, "pelaksana": null, "sumber_dan": null, "jenis_jari": "Distribusi", "as_built_d": "http://192.168.1.4/fotogis/muara_tebo/asbuilt/pipa_pipa_terpasang/", "file_as_bu": null, "narasumber": null, "sumber_air": null, "lasteditby": "sri", "valid": null, "keterangan": null }, "geometry": { "type": "MultiLineString", "coordinates": [ [ [ 102.437790288306147, -1.472288227304508 ], [ 102.437791560031101, -1.472525462340039 ], [ 102.437174215492433, -1.472516304946676 ] ] ] } },
{ "type": "Feature", "properties": { "id": 187, "diameter": 4.0, "jenis": "PVC", "length": 346.21, "kedalaman": null, "tahun_pasa": null, "tanggal_pa": null, "pelaksana": null, "sumber_dan": null, "jenis_jari": null, "as_built_d": "http://192.168.1.2/fotogis/asbuilt/pipa_pipa_terpasang/", "file_as_bu": null, "narasumber": null, "sumber_air": null, "lasteditby": "mustofa", "valid": null, "keterangan": null }, "geometry": { "type": "MultiLineString", "coordinates": [ [ [ 102.438549116211504, -1.491916820813028 ], [ 102.4387022245228, -1.491915738844148 ], [ 102.438966055612994, -1.491911076582383 ], [ 102.439059338456005, -1.491899465057734 ], [ 102.439159119072798, -1.491882926567896 ], [ 102.439317659826003, -1.491874609379408 ], [ 102.439546589792897, -1.491856693338122 ], [ 102.439805013694397, -1.491829340748516 ], [ 102.440038613692295, -1.491802176919572 ], [ 102.440216771814306, -1.491788020088702 ], [ 102.440374265150794, -1.491797564312573 ], [ 102.440626432497794, -1.491833303802201 ], [ 102.4408702567342, -1.491877819321105 ], [ 102.441085058123306, -1.491894142145481 ], [ 102.441308193328496, -1.49192295553835 ], [ 102.441641099943197, -1.491960943506011 ] ] ] } },
{ "type": "Feature", "properties": { "id": 260, "diameter": 2.0, "jenis": "PVC", "length": 90.21, "kedalaman": null, "tahun_pasa": null, "tanggal_pa": null, "pelaksana": null, "sumber_dan": "PDAM", "jenis_jari": "Distribusi", "as_built_d": "http://192.168.1.4/fotogis/muara_tebo/asbuilt/pipa_pipa_terpasang/", "file_as_bu": null, "narasumber": null, "sumber_air": null, "lasteditby": "mustofa", "valid": null, "keterangan": null }, "geometry": { "type": "MultiLineString", "coordinates": [ [ [ 102.436525590545472, -1.470238229695292 ], [ 102.436156116205723, -1.470235991497037 ], [ 102.436119040699609, -1.470186481108836 ], [ 102.435740066093828, -1.47017961675809 ] ] ] } },
{ "type": "Feature", "properties": { "id": 155, "diameter": 3.0, "jenis": "PVC", "length": 230.2, "kedalaman": null, "tahun_pasa": null, "tanggal_pa": null, "pelaksana": null, "sumber_dan": null, "jenis_jari": null, "as_built_d": "http://192.168.1.2/fotogis/asbuilt/pipa_pipa_terpasang/", "file_as_bu": null, "narasumber": null, "sumber_air": null, "lasteditby": "mustofa", "valid": null, "keterangan": null }, "geometry": { "type": "MultiLineString", "coordinates": [ [ [ 102.412747259454491, -1.462844574311753 ], [ 102.412737918667077, -1.462655665503944 ], [ 102.412733009355122, -1.462402408326159 ], [ 102.412719447562438, -1.461795609171656 ], [ 102.412723961938298, -1.46149593805151 ], [ 102.412807491127296, -1.460782654599344 ] ] ] } },
{ "type": "Feature", "properties": { "id": 185, "diameter": 4.0, "jenis": "PVC", "length": 22.63, "kedalaman": null, "tahun_pasa": null, "tanggal_pa": null, "pelaksana": null, "sumber_dan": null, "jenis_jari": null, "as_built_d": "http://192.168.1.2/fotogis/asbuilt/pipa_pipa_terpasang/", "file_as_bu": null, "narasumber": null, "sumber_air": null, "lasteditby": "mustofa", "valid": null, "keterangan": null }, "geometry": { "type": "MultiLineString", "coordinates": [ [ [ 102.442185801025502, -1.484653095177802 ], [ 102.442191910679043, -1.484540097231767 ], [ 102.442178041224295, -1.484451094439497 ] ] ] } },
{ "type": "Feature", "properties": { "id": 96, "diameter": 2.0, "jenis": "PVC", "length": 612.35, "kedalaman": null, "tahun_pasa": null, "tanggal_pa": null, "pelaksana": null, "sumber_dan": null, "jenis_jari": null, "as_built_d": "http://192.168.1.2/fotogis/asbuilt/pipa_pipa_terpasang/", "file_as_bu": null, "narasumber": null, "sumber_air": null, "lasteditby": "mustofa", "valid": null, "keterangan": null }, "geometry": { "type": "MultiLineString", "coordinates": [ [ [ 102.442889550150994, -1.485731320560993 ], [ 102.443013257387406, -1.48574557653035 ], [ 102.442958545246995, -1.485963260026658 ], [ 102.442903657460405, -1.486238708779374 ], [ 102.442834751923399, -1.486571920543314 ], [ 102.442785162074898, -1.486807232572386 ], [ 102.442750575405, -1.486988810770995 ], [ 102.442706363016697, -1.487256444991882 ], [ 102.442690237592402, -1.48743382757901 ], [ 102.442637846269207, -1.487667432156589 ], [ 102.442620698407595, -1.487787933538533 ], [ 102.442604888142696, -1.487913925978579 ], [ 102.442586419401707, -1.488076332445042 ], [ 102.442639186669695, -1.488203414016227 ], [ 102.442792921316098, -1.488422374830013 ], [ 102.442905205298004, -1.48858918293423 ], [ 102.443196410394194, -1.48897369529445 ], [ 102.443484018919307, -1.489362988799628 ], [ 102.443781712228997, -1.489752981750285 ], [ 102.444051355412995, -1.490094797087664 ], [ 102.444498535749105, -1.49032837593956 ] ] ] } },
{ "type": "Feature", "properties": { "id": 184, "diameter": 4.0, "jenis": "PVC", "length": 114.24, "kedalaman": null, "tahun_pasa": null, "tanggal_pa": null, "pelaksana": null, "sumber_dan": null, "jenis_jari": null, "as_built_d": "http://192.168.1.2/fotogis/asbuilt/pipa_pipa_terpasang/", "file_as_bu": null, "narasumber": null, "sumber_air": null, "lasteditby": "mustofa", "valid": null, "keterangan": null }, "geometry": { "type": "MultiLineString", "coordinates": [ [ [ 102.443213879217126, -1.484632542081145 ], [ 102.44294275280069, -1.484608755959402 ], [ 102.442758725565042, -1.484588287071024 ], [ 102.442495537779067, -1.484568648969193 ], [ 102.442191910679043, -1.484540097231767 ] ] ] } },
{ "type": "Feature", "properties": { "id": 186, "diameter": 4.0, "jenis": "PVC", "length": 367.78, "kedalaman": null, "tahun_pasa": null, "tanggal_pa": null, "pelaksana": null, "sumber_dan": null, "jenis_jari": null, "as_built_d": "http://192.168.1.2/fotogis/asbuilt/pipa_pipa_terpasang/", "file_as_bu": null, "narasumber": null, "sumber_air": null, "lasteditby": "mustofa", "valid": null, "keterangan": null }, "geometry": { "type": "MultiLineString", "coordinates": [ [ [ 102.427142039705103, -1.465399030851686 ], [ 102.427206791790098, -1.465762949662979 ], [ 102.427277595379095, -1.466116114247929 ], [ 102.427394405542898, -1.466724338811781 ], [ 102.427513855572698, -1.467224935085708 ], [ 102.427596779669898, -1.467712955024221 ], [ 102.42760914426492, -1.467911494326731 ], [ 102.427595381602529, -1.46797461280572 ], [ 102.427138719751667, -1.467905961589594 ], [ 102.426934847334053, -1.467826359055976 ] ] ] } },
{ "type": "Feature", "properties": { "id": 179, "diameter": 4.0, "jenis": "PVC", "length": 218.58, "kedalaman": null, "tahun_pasa": null, "tanggal_pa": null, "pelaksana": null, "sumber_dan": null, "jenis_jari": null, "as_built_d": "http://192.168.1.2/fotogis/asbuilt/pipa_pipa_terpasang/", "file_as_bu": null, "narasumber": null, "sumber_air": null, "lasteditby": "mustofa", "valid": null, "keterangan": null }, "geometry": { "type": "MultiLineString", "coordinates": [ [ [ 102.442035621998897, -1.486245594005934 ], [ 102.441813923503901, -1.48624149577221 ], [ 102.441435441571343, -1.486232677694798 ], [ 102.441235863572601, -1.486225152118577 ], [ 102.440673413811595, -1.486228179729215 ], [ 102.440072932508997, -1.486253108003451 ] ] ] } },
{ "type": "Feature", "properties": { "id": 159, "diameter": 4.0, "jenis": "PVC", "length": 834.42, "kedalaman": null, "tahun_pasa": null, "tanggal_pa": null, "pelaksana": null, "sumber_dan": null, "jenis_jari": null, "as_built_d": "http://192.168.1.2/fotogis/asbuilt/pipa_pipa_terpasang/", "file_as_bu": null, "narasumber": null, "sumber_air": null, "lasteditby": "mustofa", "valid": null, "keterangan": null }, "geometry": { "type": "MultiLineString", "coordinates": [ [ [ 102.443286011941424, -1.484645430107768 ], [ 102.443251289483641, -1.484645149085165 ], [ 102.443213879217126, -1.484632542081145 ], [ 102.443159069676469, -1.484817169120152 ], [ 102.443091641041903, -1.48502176093459 ], [ 102.443040558892449, -1.485204200078572 ], [ 102.442977711923859, -1.485419361804756 ], [ 102.442907773617605, -1.485649708365537 ], [ 102.442889550150994, -1.485731320560993 ], [ 102.442880114445302, -1.485775065149629 ], [ 102.442841326568001, -1.485960222761741 ], [ 102.4428154042687, -1.486100202986011 ], [ 102.442779438177098, -1.486288017615104 ], [ 102.442732190317798, -1.486555491263619 ], [ 102.442706834094807, -1.486741149416749 ], [ 102.442690353368903, -1.486849288336059 ], [ 102.442672040425094, -1.486974592926782 ], [ 102.442640091779396, -1.487207890705349 ], [ 102.442599772963007, -1.487438769454079 ], [ 102.442557389167604, -1.487670421683346 ], [ 102.442498502244803, -1.487928583202982 ], [ 102.442479352335496, -1.488097120773779 ], [ 102.442576308996493, -1.488238007527514 ], [ 102.442701045002096, -1.488452251044116 ], [ 102.442934528181993, -1.488762031202316 ], [ 102.443260889041895, -1.48920478319797 ], [ 102.443525005787606, -1.489573951655054 ], [ 102.443791515891505, -1.489945319504414 ], [ 102.443972598490106, -1.490141955603475 ], [ 102.444312628930504, -1.490330087669535 ], [ 102.444470549256195, -1.490412499787928 ], [ 102.444648353991695, -1.490499759818815 ], [ 102.444733483048097, -1.490537795966264 ], [ 102.444941371782704, -1.490636313384051 ], [ 102.445055372993565, -1.490701232189736 ], [ 102.445059412145994, -1.490704187599342 ], [ 102.445157662285794, -1.490757801962315 ] ] ] } },
{ "type": "Feature", "properties": { "id": 171, "diameter": 4.0, "jenis": "PVC", "length": 748.32, "kedalaman": null, "tahun_pasa": null, "tanggal_pa": null, "pelaksana": null, "sumber_dan": null, "jenis_jari": null, "as_built_d": "http://192.168.1.2/fotogis/asbuilt/pipa_pipa_terpasang/", "file_as_bu": null, "narasumber": null, "sumber_air": null, "lasteditby": "mustofa", "valid": null, "keterangan": null }, "geometry": { "type": "MultiLineString", "coordinates": [ [ [ 102.432559734664281, -1.46318246151945 ], [ 102.432515779274951, -1.463182237673176 ], [ 102.432247233231905, -1.46317779450239 ], [ 102.431783589581499, -1.463157139266785 ], [ 102.431772150099704, -1.463259725013598 ], [ 102.431734729217865, -1.463887142321139 ], [ 102.431693780575586, -1.4645104716536 ], [ 102.431657381782458, -1.464915408227242 ], [ 102.431593683894448, -1.46559788559855 ], [ 102.4315504603276, -1.466130217948169 ], [ 102.431566384799595, -1.466268988347002 ], [ 102.431564109875055, -1.466328136385849 ], [ 102.431454913495642, -1.466359985329843 ], [ 102.431204671792841, -1.466371359952698 ], [ 102.430968079637452, -1.466403208896693 ], [ 102.430740587180338, -1.46641913336869 ], [ 102.430611062760903, -1.466901768202461 ], [ 102.4304380222124, -1.467078861494288 ], [ 102.430294701964428, -1.467360952141095 ], [ 102.429919339410205, -1.468143526193527 ] ] ] } },
{ "type": "Feature", "properties": { "id": 197, "diameter": 6.0, "jenis": "PVC", "length": 128.19, "kedalaman": null, "tahun_pasa": null, "tanggal_pa": null, "pelaksana": null, "sumber_dan": null, "jenis_jari": null, "as_built_d": "http://192.168.1.2/fotogis/asbuilt/pipa_pipa_terpasang/", "file_as_bu": null, "narasumber": null, "sumber_air": null, "lasteditby": "mustofa", "valid": null, "keterangan": null }, "geometry": { "type": "MultiLineString", "coordinates": [ [ [ 102.444747478183089, -1.481040966495087 ], [ 102.444854073791106, -1.481222703661814 ], [ 102.44468720609656, -1.48132818820345 ], [ 102.444477242359326, -1.481376280781528 ], [ 102.444449782765517, -1.481376784016172 ], [ 102.44421411679339, -1.481369097641807 ], [ 102.443950122060897, -1.481350097350374 ] ] ] } },
{ "type": "Feature", "properties": { "id": 175, "diameter": 4.0, "jenis": "PVC", "length": 614.1, "kedalaman": null, "tahun_pasa": null, "tanggal_pa": null, "pelaksana": null, "sumber_dan": null, "jenis_jari": null, "as_built_d": "http://192.168.1.2/fotogis/asbuilt/pipa_pipa_terpasang/", "file_as_bu": null, "narasumber": null, "sumber_air": null, "lasteditby": "mustofa", "valid": null, "keterangan": null }, "geometry": { "type": "MultiLineString", "coordinates": [ [ [ 102.359051982608193, -1.467550920429031 ], [ 102.358653117820424, -1.467665245445153 ], [ 102.358438197453651, -1.467759238256443 ], [ 102.35805354947513, -1.467909313379513 ], [ 102.357579960653467, -1.468096275514458 ], [ 102.357027389805324, -1.468350784548792 ], [ 102.356577029130065, -1.468526012585461 ], [ 102.35580917783993, -1.468787228844458 ], [ 102.355523701214906, -1.468851012408017 ], [ 102.355732295160806, -1.469460960749242 ], [ 102.355880504437707, -1.469879728613918 ], [ 102.356130439421221, -1.470490911032403 ] ] ] } },
{ "type": "Feature", "properties": { "id": 177, "diameter": 4.0, "jenis": "PVC", "length": 430.3, "kedalaman": null, "tahun_pasa": null, "tanggal_pa": null, "pelaksana": null, "sumber_dan": null, "jenis_jari": null, "as_built_d": "http://192.168.1.2/fotogis/asbuilt/pipa_pipa_terpasang/", "file_as_bu": null, "narasumber": null, "sumber_air": null, "lasteditby": "mustofa", "valid": null, "keterangan": null }, "geometry": { "type": "MultiLineString", "coordinates": [ [ [ 102.429300650576849, -1.462883528215366 ], [ 102.429300933388717, -1.462868101098116 ], [ 102.429301292802762, -1.462852738257725 ], [ 102.429301333421293, -1.46284605763869 ], [ 102.429288766989202, -1.46284545863971 ], [ 102.429178161768832, -1.462839967565325 ], [ 102.428953715452295, -1.462829116847676 ], [ 102.428757932964601, -1.462824153865024 ], [ 102.428350031524403, -1.462827470314833 ], [ 102.427860081816704, -1.462836738829686 ], [ 102.427279564745703, -1.462828792743379 ], [ 102.426674620283606, -1.462811640812586 ], [ 102.425965724301193, -1.462801465424027 ], [ 102.425680122718305, -1.462793662341578 ], [ 102.425474451853404, -1.462788503073245 ] ] ] } },
{ "type": "Feature", "properties": { "id": 170, "diameter": 4.0, "jenis": "PVC", "length": 172.32, "kedalaman": null, "tahun_pasa": null, "tanggal_pa": null, "pelaksana": null, "sumber_dan": null, "jenis_jari": null, "as_built_d": "http://192.168.1.2/fotogis/asbuilt/pipa_pipa_terpasang/", "file_as_bu": null, "narasumber": null, "sumber_air": null, "lasteditby": "mustofa", "valid": null, "keterangan": null }, "geometry": { "type": "MultiLineString", "coordinates": [ [ [ 102.441419591128223, -1.489582479792407 ], [ 102.441290600319107, -1.48959986371825 ], [ 102.441171331924295, -1.489604032409226 ], [ 102.441044983710995, -1.48959011936124 ], [ 102.440761981330098, -1.489546505254336 ], [ 102.4404024764724, -1.489507466833248 ], [ 102.440052353854597, -1.489457232634122 ], [ 102.439897680417999, -1.489387492710035 ] ] ] } },
{ "type": "Feature", "properties": { "id": 172, "diameter": 4.0, "jenis": "PVC", "length": 271.51, "kedalaman": null, "tahun_pasa": null, "tanggal_pa": null, "pelaksana": null, "sumber_dan": null, "jenis_jari": null, "as_built_d": "http://192.168.1.2/fotogis/asbuilt/pipa_pipa_terpasang/", "file_as_bu": null, "narasumber": null, "sumber_air": null, "lasteditby": "mustofa", "valid": null, "keterangan": null }, "geometry": { "type": "MultiLineString", "coordinates": [ [ [ 102.441974028652496, -1.475321393491945 ], [ 102.442006333995494, -1.475324790677044 ], [ 102.442002877598895, -1.475394444537349 ], [ 102.441998546302202, -1.475526776255152 ], [ 102.441995964329294, -1.475758035468726 ], [ 102.441997486266104, -1.476091371068109 ], [ 102.441998403849695, -1.476163273130815 ], [ 102.441998128553195, -1.476274379656106 ], [ 102.44201037775197, -1.476595017580448 ], [ 102.442013112470605, -1.476748591985005 ], [ 102.442023156415999, -1.477016652753572 ], [ 102.442036917999687, -1.477729744901531 ] ] ] } },
{ "type": "Feature", "properties": { "id": 149, "diameter": 3.0, "jenis": "PVC", "length": 1009.96, "kedalaman": null, "tahun_pasa": null, "tanggal_pa": null, "pelaksana": null, "sumber_dan": null, "jenis_jari": null, "as_built_d": "http://192.168.1.2/fotogis/asbuilt/pipa_pipa_terpasang/", "file_as_bu": null, "narasumber": null, "sumber_air": null, "lasteditby": "mustofa", "valid": null, "keterangan": null }, "geometry": { "type": "MultiLineString", "coordinates": [ [ [ 102.449525009279597, -1.48253798940362 ], [ 102.449426893969928, -1.482528576782989 ], [ 102.449357396474568, -1.48253856655303 ], [ 102.449320353773132, -1.482544153085706 ], [ 102.449292552882596, -1.482562969191249 ], [ 102.4492538430911, -1.482603763140087 ], [ 102.449136254265525, -1.482701002679546 ], [ 102.449007374620322, -1.482836601147795 ], [ 102.448827824327495, -1.482982887966571 ], [ 102.448595993064174, -1.483157205939914 ], [ 102.448313956873534, -1.48332966103196 ], [ 102.448075688209997, -1.483489549090653 ], [ 102.447840382593995, -1.483657212971022 ], [ 102.447574049284597, -1.483852994479986 ], [ 102.447419214201602, -1.483970643988403 ], [ 102.447427070329169, -1.484016870990957 ], [ 102.447552882867171, -1.484278553332206 ], [ 102.447608837891622, -1.484435512321959 ], [ 102.447647448704529, -1.484715965977699 ], [ 102.447689289660502, -1.484979717018912 ], [ 102.447745214081934, -1.485270384511345 ], [ 102.44777224238895, -1.485659754451753 ], [ 102.447702631275305, -1.486285113720495 ], [ 102.447730824586856, -1.486580553086903 ], [ 102.447907255632103, -1.486931052422904 ], [ 102.447949840096399, -1.487502023922003 ], [ 102.447937641318433, -1.488073100221339 ], [ 102.44794476852644, -1.488248405388891 ], [ 102.447952840717221, -1.488488135077564 ], [ 102.447972860005649, -1.48854268080636 ], [ 102.448023243798886, -1.488595742843328 ], [ 102.448177572439732, -1.488633679866215 ], [ 102.448715588698647, -1.488626653446425 ], [ 102.449187423840982, -1.488644016126235 ], [ 102.449709322057345, -1.488665459578748 ], [ 102.449709322057345, -1.488665459578748 ], [ 102.449736777286645, -1.488664202676095 ], [ 102.449735386466799, -1.488650381655125 ] ] ] } },
{ "type": "Feature", "properties": { "id": 176, "diameter": 4.0, "jenis": "PVC", "length": 313.94, "kedalaman": null, "tahun_pasa": null, "tanggal_pa": null, "pelaksana": null, "sumber_dan": null, "jenis_jari": null, "as_built_d": "http://192.168.1.2/fotogis/asbuilt/pipa_pipa_terpasang/", "file_as_bu": null, "narasumber": null, "sumber_air": null, "lasteditby": "sri", "valid": null, "keterangan": null }, "geometry": { "type": "MultiLineString", "coordinates": [ [ [ 102.362374186392216, -1.469590120480775 ], [ 102.362189157726903, -1.46881925497268 ], [ 102.361682541785399, -1.467935751692718 ], [ 102.361199650019998, -1.467050709209573 ] ] ] } },
{ "type": "Feature", "properties": { "id": 169, "diameter": 4.0, "jenis": "PVC", "length": 143.45, "kedalaman": null, "tahun_pasa": null, "tanggal_pa": null, "pelaksana": null, "sumber_dan": null, "jenis_jari": null, "as_built_d": "http://192.168.1.2/fotogis/asbuilt/pipa_pipa_terpasang/", "file_as_bu": null, "narasumber": null, "sumber_air": null, "lasteditby": "mustofa", "valid": null, "keterangan": null }, "geometry": { "type": "MultiLineString", "coordinates": [ [ [ 102.440844467710477, -1.46844319112792 ], [ 102.440682371607906, -1.468661881281383 ], [ 102.440355863111407, -1.469005814294005 ], [ 102.440270160965596, -1.469095139730458 ], [ 102.440166249207834, -1.469224467114091 ], [ 102.439984906665501, -1.469399773396919 ] ] ] } },
{ "type": "Feature", "properties": { "id": 165, "diameter": 4.0, "jenis": "PVC", "length": 4472.69, "kedalaman": null, "tahun_pasa": null, "tanggal_pa": null, "pelaksana": null, "sumber_dan": null, "jenis_jari": null, "as_built_d": "http://192.168.1.2/fotogis/asbuilt/pipa_pipa_terpasang/", "file_as_bu": null, "narasumber": null, "sumber_air": null, "lasteditby": "sri", "valid": null, "keterangan": null }, "geometry": { "type": "MultiLineString", "coordinates": [ [ [ 102.395441481705504, -1.461700488901768 ], [ 102.395285299038093, -1.461700244383372 ], [ 102.394935283033007, -1.461711452932323 ], [ 102.394620725037299, -1.461722848623014 ], [ 102.394237279628399, -1.461737209030441 ], [ 102.393702417635595, -1.461754145905741 ], [ 102.393106036005307, -1.461795169487448 ], [ 102.392719501307695, -1.462031182328274 ], [ 102.392500856190395, -1.462227731626505 ], [ 102.392170702694301, -1.462531937114671 ], [ 102.391982239055807, -1.462679294723209 ], [ 102.391754483572896, -1.462813454814423 ], [ 102.391538806634102, -1.462860447038297 ], [ 102.391223220632497, -1.462901007096744 ], [ 102.390920846482402, -1.462964831882859 ], [ 102.390658153116902, -1.463102307518601 ], [ 102.3902288140998, -1.46338286350861 ], [ 102.389786713156795, -1.463698107785883 ], [ 102.389278090007394, -1.464111938005198 ], [ 102.388747013967404, -1.464507905904518 ], [ 102.388293550477997, -1.46482613451257 ], [ 102.387864999733594, -1.465183349799332 ], [ 102.387447149892196, -1.465542656049809 ], [ 102.387037046676497, -1.465906822697422 ], [ 102.386595820370303, -1.466317337070822 ], [ 102.386128696872305, -1.466765452913635 ], [ 102.385577086954299, -1.467285008756474 ], [ 102.385204577070994, -1.4676459242875 ], [ 102.3850759421166, -1.467867580322296 ], [ 102.385067538204297, -1.468099827043777 ], [ 102.385103320381702, -1.468400017253494 ], [ 102.385159244361404, -1.468813652228711 ], [ 102.385195579561895, -1.469098488096436 ], [ 102.385140839745702, -1.469381636875578 ], [ 102.384965834232801, -1.469607199781629 ], [ 102.384724392297301, -1.469713384147698 ], [ 102.384465181568004, -1.469756046249856 ], [ 102.383933189477304, -1.469763945170056 ], [ 102.383430874811907, -1.46976916794094 ], [ 102.383009279859905, -1.469778787551535 ], [ 102.382758109154196, -1.46979439175899 ], [ 102.382303173041393, -1.469792716846034 ], [ 102.381843773323993, -1.46978751745132 ], [ 102.381284585756305, -1.469803299759139 ], [ 102.380751182390597, -1.469819536830527 ], [ 102.380169085745194, -1.46980669713196 ], [ 102.379506007473694, -1.469833943914491 ], [ 102.3790900240963, -1.469850445693205 ], [ 102.378649612767006, -1.469837767690523 ], [ 102.3784264854567, -1.469824685769962 ], [ 102.378012784142598, -1.469771052709551 ], [ 102.377578711558897, -1.469618065845639 ], [ 102.376963525205397, -1.469357789477764 ], [ 102.376661895615499, -1.469220016141624 ], [ 102.376031776831297, -1.469041375950248 ], [ 102.375618880307002, -1.468962205565558 ], [ 102.3753461757574, -1.46895623552719 ], [ 102.375025719320504, -1.468981597241754 ], [ 102.374635735908598, -1.469027698165289 ], [ 102.374385639121996, -1.469043502097539 ], [ 102.373953547737003, -1.469094863363839 ], [ 102.373657010377201, -1.469160688674763 ], [ 102.373569994060404, -1.469209209091176 ], [ 102.373277629878402, -1.469357406487265 ], [ 102.373148875710896, -1.469425417573258 ], [ 102.372761999560495, -1.469758581553493 ], [ 102.372496654867206, -1.469923715082976 ], [ 102.372289193488001, -1.469992496963066 ], [ 102.371927404969995, -1.470026594612197 ], [ 102.371492924952705, -1.470018006139444 ], [ 102.371016585045794, -1.470007825106867 ], [ 102.370467591176407, -1.469993950151503 ], [ 102.369801528908297, -1.469984035068174 ], [ 102.369073848565705, -1.469971148733279 ], [ 102.368332838420102, -1.469957491863259 ], [ 102.367584436811498, -1.469931520686402 ], [ 102.366802802612298, -1.469897093614186 ], [ 102.365941668605998, -1.469870900811513 ], [ 102.365453649615105, -1.469832998883895 ], [ 102.364928204746903, -1.469786309574589 ], [ 102.364467393497364, -1.46978230421277 ], [ 102.363898967032014, -1.469757103039429 ], [ 102.363266137568118, -1.469745902517944 ], [ 102.362837934993578, -1.469734109584724 ], [ 102.3625154790587, -1.469765250376679 ], [ 102.362180302697922, -1.469885390656599 ], [ 102.361822338429519, -1.470180368256752 ], [ 102.361455687844554, -1.470543485533894 ], [ 102.360995784889681, -1.470979211505847 ], [ 102.360599806949779, -1.471341965040915 ], [ 102.360296063956639, -1.471620480681507 ] ] ] } },
{ "type": "Feature", "properties": { "id": 181, "diameter": 4.0, "jenis": "PVC", "length": 419.4, "kedalaman": null, "tahun_pasa": null, "tanggal_pa": null, "pelaksana": null, "sumber_dan": null, "jenis_jari": null, "as_built_d": "http://192.168.1.2/fotogis/asbuilt/pipa_pipa_terpasang/", "file_as_bu": null, "narasumber": null, "sumber_air": null, "lasteditby": "postgres", "valid": null, "keterangan": null }, "geometry": { "type": "MultiLineString", "coordinates": [ [ [ 102.365589370781294, -1.469661694554458 ], [ 102.365506990470607, -1.469123789937454 ], [ 102.365458494726994, -1.468791590198726 ], [ 102.365412900026797, -1.468586430104157 ], [ 102.365343852456306, -1.468393973829842 ], [ 102.365157745765799, -1.468039450099524 ], [ 102.364996066764405, -1.467709295271402 ], [ 102.364813804223203, -1.467163761307705 ], [ 102.364593087351494, -1.466422446110867 ], [ 102.364544634095495, -1.466070521273638 ] ] ] } },
{ "type": "Feature", "properties": { "id": 189, "diameter": 4.0, "jenis": "PVC", "length": 93.54, "kedalaman": null, "tahun_pasa": null, "tanggal_pa": null, "pelaksana": null, "sumber_dan": null, "jenis_jari": null, "as_built_d": "http://192.168.1.2/fotogis/asbuilt/pipa_pipa_terpasang/", "file_as_bu": null, "narasumber": null, "sumber_air": null, "lasteditby": "postgres", "valid": null, "keterangan": null }, "geometry": { "type": "MultiLineString", "coordinates": [ [ [ 102.425191312116695, -1.460999457169915 ], [ 102.425922336383493, -1.460959243094985 ], [ 102.425935125751593, -1.461066635931232 ] ] ] } },
{ "type": "Feature", "properties": { "id": 110, "diameter": 2.0, "jenis": "PVC", "length": 559.79, "kedalaman": null, "tahun_pasa": null, "tanggal_pa": null, "pelaksana": null, "sumber_dan": null, "jenis_jari": null, "as_built_d": "http://192.168.1.2/fotogis/asbuilt/pipa_pipa_terpasang/", "file_as_bu": null, "narasumber": null, "sumber_air": null, "lasteditby": "mustofa", "valid": null, "keterangan": null }, "geometry": { "type": "MultiLineString", "coordinates": [ [ [ 102.418422114128219, -1.463020753843549 ], [ 102.418423352690908, -1.463075982239426 ], [ 102.41841455314713, -1.463214644827945 ], [ 102.418397148242221, -1.463367894477035 ], [ 102.418354836373794, -1.463583510908534 ], [ 102.418352446538833, -1.463638338088902 ], [ 102.418324806960825, -1.463913846723153 ], [ 102.418293191437513, -1.464176767342488 ], [ 102.418256816289627, -1.464352427956305 ], [ 102.41823645225864, -1.464546810235657 ], [ 102.418208635512514, -1.464721722086343 ], [ 102.418203123243913, -1.464970860420094 ], [ 102.418208692088086, -1.465239870398019 ], [ 102.418208082989636, -1.465495766351662 ], [ 102.418218063971807, -1.46579248685969 ], [ 102.418249348927702, -1.465975420779132 ], [ 102.418267828672597, -1.466063121428938 ], [ 102.418321952966593, -1.466317791581568 ], [ 102.418384952491195, -1.466514049226076 ], [ 102.418493589676743, -1.466721973367738 ], [ 102.41855093019231, -1.466785948002963 ], [ 102.418467681048242, -1.466869409231312 ], [ 102.41835920220646, -1.466976637547289 ], [ 102.41828413708258, -1.467055070811631 ], [ 102.418180115903411, -1.467147535949267 ], [ 102.418063881090902, -1.467248256233058 ], [ 102.417953797387085, -1.467369998139664 ], [ 102.417881905777477, -1.467468276214238 ], [ 102.417798282251809, -1.467547458241714 ], [ 102.417728922729097, -1.467625392330635 ] ] ] } },
{ "type": "Feature", "properties": { "id": 85, "diameter": 2.0, "jenis": "PVC", "length": 93.71, "kedalaman": null, "tahun_pasa": null, "tanggal_pa": null, "pelaksana": null, "sumber_dan": null, "jenis_jari": null, "as_built_d": "http://192.168.1.2/fotogis/asbuilt/pipa_pipa_terpasang/", "file_as_bu": null, "narasumber": null, "sumber_air": null, "lasteditby": "mustofa", "valid": null, "keterangan": null }, "geometry": { "type": "MultiLineString", "coordinates": [ [ [ 102.450794472983588, -1.482931087702954 ], [ 102.450925515195962, -1.482889027411336 ], [ 102.451138325104182, -1.482762710419034 ], [ 102.451239129797543, -1.482618348142118 ], [ 102.451491763782144, -1.482496386908172 ] ] ] } },
{ "type": "Feature", "properties": { "id": 167, "diameter": 4.0, "jenis": "PVC", "length": 760.64, "kedalaman": null, "tahun_pasa": null, "tanggal_pa": null, "pelaksana": null, "sumber_dan": null, "jenis_jari": null, "as_built_d": "http://192.168.1.2/fotogis/asbuilt/pipa_pipa_terpasang/", "file_as_bu": null, "narasumber": null, "sumber_air": null, "lasteditby": "mustofa", "valid": null, "keterangan": null }, "geometry": { "type": "MultiLineString", "coordinates": [ [ [ 102.441818408372427, -1.469421759838228 ], [ 102.441577442331962, -1.469462860651666 ], [ 102.441566310647573, -1.469192467937319 ], [ 102.441491414895836, -1.469004471481142 ], [ 102.441398817003261, -1.46886227739348 ], [ 102.441193649918532, -1.468693192969797 ], [ 102.441001326248156, -1.46855638386041 ], [ 102.440835021460302, -1.468430657980741 ], [ 102.440580716445439, -1.468272552362389 ], [ 102.44012379184322, -1.467993567946013 ], [ 102.439408875078414, -1.467533421217688 ], [ 102.438885267041712, -1.467198482756092 ], [ 102.438471078946165, -1.466930788915215 ], [ 102.438059335426644, -1.466652861511418 ], [ 102.437280387149215, -1.466109809550816 ], [ 102.436453160750247, -1.465568476455985 ] ] ] } },
{ "type": "Feature", "properties": { "id": 208, "diameter": 2.0, "jenis": "PVC", "length": 113.85, "kedalaman": 50.0, "tahun_pasa": 2023, "tanggal_pa": "2023-08-20", "pelaksana": "pemasangan pipa 2Inci", "sumber_dan": "PDAM", "jenis_jari": "Distribusi", "as_built_d": "http://192.168.1.4/fotogis/muara_tebo/asbuilt/pipa_pipa_terpasang/", "file_as_bu": null, "narasumber": null, "sumber_air": null, "lasteditby": "iqrom", "valid": null, "keterangan": null }, "geometry": { "type": "MultiLineString", "coordinates": [ [ [ 102.36058825839757, -1.47525122121685 ], [ 102.360206861130749, -1.474379152406833 ], [ 102.360177701198964, -1.47431487543347 ] ] ] } },
{ "type": "Feature", "properties": { "id": 207, "diameter": 2.0, "jenis": "PVC", "length": 60.0, "kedalaman": 50.0, "tahun_pasa": null, "tanggal_pa": null, "pelaksana": null, "sumber_dan": "PDAM", "jenis_jari": "Distribusi", "as_built_d": "http://192.168.1.4/fotogis/muara_tebo/asbuilt/pipa_pipa_terpasang/", "file_as_bu": null, "narasumber": null, "sumber_air": null, "lasteditby": "iqrom", "valid": null, "keterangan": null }, "geometry": { "type": "MultiLineString", "coordinates": [ [ [ 102.360301661411057, -1.475367700311756 ], [ 102.360588258397513, -1.475250977281566 ], [ 102.360717586965308, -1.475560043264545 ] ] ] } },
{ "type": "Feature", "properties": { "id": 97, "diameter": 2.0, "jenis": "PVC", "length": 301.57, "kedalaman": null, "tahun_pasa": null, "tanggal_pa": null, "pelaksana": null, "sumber_dan": null, "jenis_jari": null, "as_built_d": "http://192.168.1.2/fotogis/asbuilt/pipa_pipa_terpasang/", "file_as_bu": null, "narasumber": null, "sumber_air": null, "lasteditby": "mustofa", "valid": null, "keterangan": null }, "geometry": { "type": "MultiLineString", "coordinates": [ [ [ 102.4115007912972, -1.462970990041647 ], [ 102.411332017762405, -1.462398777779802 ], [ 102.411153887532095, -1.461778136912016 ], [ 102.410686725584483, -1.460979801003118 ], [ 102.410516493853009, -1.461069244794227 ], [ 102.410429935345491, -1.461108196122614 ], [ 102.410327507778248, -1.460875930794088 ] ] ] } },
{ "type": "Feature", "properties": { "id": 99, "diameter": 2.0, "jenis": "PVC", "length": 35.44, "kedalaman": null, "tahun_pasa": null, "tanggal_pa": null, "pelaksana": null, "sumber_dan": null, "jenis_jari": null, "as_built_d": "http://192.168.1.2/fotogis/asbuilt/pipa_pipa_terpasang/", "file_as_bu": null, "narasumber": null, "sumber_air": null, "lasteditby": "mustofa", "valid": null, "keterangan": null }, "geometry": { "type": "MultiLineString", "coordinates": [ [ [ 102.410430296005899, -1.461107114141269 ], [ 102.410571674901576, -1.461392276335505 ] ] ] } },
{ "type": "Feature", "properties": { "id": 14, "diameter": 2.0, "jenis": "PVC", "length": 312.62, "kedalaman": null, "tahun_pasa": null, "tanggal_pa": null, "pelaksana": null, "sumber_dan": null, "jenis_jari": null, "as_built_d": "http://192.168.1.2/fotogis/asbuilt/pipa_pipa_terpasang/", "file_as_bu": null, "narasumber": null, "sumber_air": null, "lasteditby": "mustofa", "valid": null, "keterangan": null }, "geometry": { "type": "MultiLineString", "coordinates": [ [ [ 102.441407887319116, -1.482275333493024 ], [ 102.441009468886904, -1.482207234698724 ], [ 102.440616566346506, -1.482166004719066 ], [ 102.440205801880097, -1.482117661708301 ], [ 102.439733529155106, -1.482041508428625 ], [ 102.439339568344195, -1.482005268956463 ], [ 102.439165797263598, -1.481895215563835 ], [ 102.439035520304202, -1.481696908772191 ], [ 102.438861916768701, -1.481479379154617 ] ] ] } },
{ "type": "Feature", "properties": { "id": 11, "diameter": 2.0, "jenis": "PVC", "length": 1685.53, "kedalaman": null, "tahun_pasa": null, "tanggal_pa": null, "pelaksana": null, "sumber_dan": null, "jenis_jari": null, "as_built_d": "http://192.168.1.2/fotogis/asbuilt/pipa_pipa_terpasang/", "file_as_bu": null, "narasumber": null, "sumber_air": null, "lasteditby": "mustofa", "valid": null, "keterangan": null }, "geometry": { "type": "MultiLineString", "coordinates": [ [ [ 102.438855626919818, -1.481022492896863 ], [ 102.438505485079872, -1.481051506673109 ], [ 102.437971593555787, -1.481032839137301 ], [ 102.437575841796658, -1.481012927099105 ], [ 102.437034052595607, -1.481178601167321 ], [ 102.4366398927733, -1.481269682140065 ], [ 102.436462285137793, -1.481287710981939 ], [ 102.436396053533571, -1.481229470514479 ], [ 102.436336317418977, -1.481142355347375 ], [ 102.436316405380794, -1.481000482075233 ], [ 102.43628155931394, -1.48082376273625 ], [ 102.436122263008386, -1.480716735530951 ], [ 102.435711539116696, -1.480569735109768 ], [ 102.435280254762802, -1.480440814518191 ], [ 102.434708109124799, -1.480370162743489 ], [ 102.4344400586711, -1.480332599788975 ], [ 102.434235823822505, -1.480277538210557 ], [ 102.434053900040823, -1.48011190737077 ], [ 102.433924471792551, -1.479960078079531 ], [ 102.43365068126738, -1.479676331535248 ], [ 102.433463490206947, -1.479401109596946 ], [ 102.433090655193126, -1.478862426974017 ], [ 102.432936336897143, -1.478658328582515 ], [ 102.432657568362387, -1.478299911895 ], [ 102.432408667884957, -1.478031099379364 ], [ 102.432241904565075, -1.47800620933162 ], [ 102.432139855369314, -1.477899182126321 ], [ 102.431788905696138, -1.477846913026058 ], [ 102.430854996928801, -1.477579628948501 ], [ 102.430478876066388, -1.477506831362228 ], [ 102.430114888135023, -1.47742190084491 ], [ 102.429547673608653, -1.477294505068933 ], [ 102.429140604616137, -1.477207238799035 ], [ 102.428765099556202, -1.477230807180945 ], [ 102.428464809512832, -1.477233840413706 ], [ 102.428188785331542, -1.477121610801537 ], [ 102.427697401624201, -1.476982082094514 ], [ 102.427427443908442, -1.476960849465185 ], [ 102.426757099468219, -1.476916867590145 ], [ 102.426550839640441, -1.47688350202977 ], [ 102.426446193110166, -1.476859236167679 ], [ 102.425909310911422, -1.476783405348645 ], [ 102.425633286730132, -1.476725773926179 ], [ 102.425452624025652, -1.476685948920518 ] ] ] } },
{ "type": "Feature", "properties": { "id": 115, "diameter": 3.0, "jenis": "PVC", "length": 587.56, "kedalaman": null, "tahun_pasa": null, "tanggal_pa": null, "pelaksana": null, "sumber_dan": null, "jenis_jari": null, "as_built_d": "http://192.168.1.2/fotogis/asbuilt/pipa_pipa_terpasang/", "file_as_bu": null, "narasumber": null, "sumber_air": null, "lasteditby": "mustofa", "valid": null, "keterangan": null }, "geometry": { "type": "MultiLineString", "coordinates": [ [ [ 102.442021996311695, -1.483809476639938 ], [ 102.442014707303002, -1.483622737036759 ], [ 102.442005073342898, -1.483445490774166 ], [ 102.441926415154697, -1.481798657739556 ], [ 102.441910528973096, -1.480687740579816 ], [ 102.441894173005835, -1.480259484278085 ], [ 102.441890331260296, -1.480223942119442 ], [ 102.441876549312099, -1.479800438908325 ], [ 102.441850090746001, -1.478536504500112 ] ] ] } },
{ "type": "Feature", "properties": { "id": 158, "diameter": 3.0, "jenis": "PVC", "length": 18.05, "kedalaman": null, "tahun_pasa": null, "tanggal_pa": null, "pelaksana": null, "sumber_dan": null, "jenis_jari": null, "as_built_d": "http://192.168.1.2/fotogis/asbuilt/pipa_pipa_terpasang/", "file_as_bu": null, "narasumber": null, "sumber_air": null, "lasteditby": "mustofa", "valid": null, "keterangan": null }, "geometry": { "type": "MultiLineString", "coordinates": [ [ [ 102.421048136813951, -1.467059275029769 ], [ 102.421058665144201, -1.467059095037496 ], [ 102.421092758027555, -1.467060442082787 ], [ 102.421134230898147, -1.467055178862565 ], [ 102.421171660488838, -1.467055856823132 ], [ 102.421207066220489, -1.467070366372647 ] ] ] } },
{ "type": "Feature", "properties": { "id": 190, "diameter": 4.0, "jenis": "PVC", "length": 164.84, "kedalaman": null, "tahun_pasa": null, "tanggal_pa": null, "pelaksana": null, "sumber_dan": null, "jenis_jari": null, "as_built_d": "http://192.168.1.2/fotogis/asbuilt/pipa_pipa_terpasang/", "file_as_bu": null, "narasumber": null, "sumber_air": null, "lasteditby": "mustofa", "valid": null, "keterangan": null }, "geometry": { "type": "MultiLineString", "coordinates": [ [ [ 102.41639804532538, -1.463008829556349 ], [ 102.416354743471729, -1.463162817744133 ], [ 102.416250550619409, -1.463458678446268 ], [ 102.416128056068771, -1.463684993081721 ], [ 102.416054807891214, -1.463915623127849 ], [ 102.415986748681306, -1.464106991602962 ], [ 102.415951889811396, -1.464217840234367 ], [ 102.415900676640206, -1.464398813947257 ] ] ] } },
{ "type": "Feature", "properties": { "id": 209, "diameter": 2.0, "jenis": "PVC", "length": 626.1, "kedalaman": null, "tahun_pasa": null, "tanggal_pa": null, "pelaksana": null, "sumber_dan": "Hibah", "jenis_jari": "Distribusi", "as_built_d": "http://192.168.1.4/fotogis/muara_tebo/asbuilt/pipa_pipa_terpasang/", "file_as_bu": null, "narasumber": null, "sumber_air": null, "lasteditby": "mustofa", "valid": null, "keterangan": null }, "geometry": { "type": "MultiLineString", "coordinates": [ [ [ 102.410686845804662, -1.460979680782968 ], [ 102.410547390431432, -1.460649315812581 ], [ 102.410481990670192, -1.460455040051247 ], [ 102.410422361476122, -1.460143429424156 ], [ 102.410495455326924, -1.4596433136029 ], [ 102.410497378849314, -1.459308620707136 ], [ 102.410416590908937, -1.458952769065089 ], [ 102.410276173774506, -1.458569988109588 ], [ 102.410231932759586, -1.45842380040799 ], [ 102.410187691744625, -1.458060254676385 ], [ 102.410183844699858, -1.457192746078743 ], [ 102.410133833117726, -1.457027323153251 ], [ 102.410053045177364, -1.456904217720327 ], [ 102.409549082311329, -1.456482966317038 ], [ 102.409052813534856, -1.456119420585432 ], [ 102.409016266609456, -1.455973232883834 ] ] ] } },
{ "type": "Feature", "properties": { "id": 213, "diameter": 2.0, "jenis": "PVC", "length": 360.21, "kedalaman": 50.0, "tahun_pasa": 2022, "tanggal_pa": null, "pelaksana": null, "sumber_dan": "APBN", "jenis_jari": "Distribusi", "as_built_d": "http://192.168.1.4/fotogis/muara_tebo/asbuilt/pipa_pipa_terpasang/", "file_as_bu": null, "narasumber": null, "sumber_air": null, "lasteditby": "mustofa", "valid": null, "keterangan": null }, "geometry": { "type": "MultiLineString", "coordinates": [ [ [ 102.4602608581732, -1.466053651906724 ], [ 102.46019738855145, -1.466047429394787 ], [ 102.460260858173214, -1.464685943783181 ], [ 102.460367885378517, -1.464429576291416 ], [ 102.460800972209256, -1.46381230310736 ], [ 102.461027471643717, -1.463396639310033 ], [ 102.461008804107905, -1.463094225229941 ] ] ] } },
{ "type": "Feature", "properties": { "id": 210, "diameter": 2.0, "jenis": "PVC", "length": 965.34, "kedalaman": null, "tahun_pasa": null, "tanggal_pa": null, "pelaksana": null, "sumber_dan": "Hibah", "jenis_jari": "Distribusi", "as_built_d": "http://192.168.1.4/fotogis/muara_tebo/asbuilt/pipa_pipa_terpasang/", "file_as_bu": null, "narasumber": null, "sumber_air": null, "lasteditby": "mustofa", "valid": null, "keterangan": null }, "geometry": { "type": "MultiLineString", "coordinates": [ [ [ 102.409002801952724, -1.45591937425693 ], [ 102.409210542370786, -1.455463499450631 ], [ 102.409335571326082, -1.455024936345837 ], [ 102.409422129833615, -1.45428245670351 ], [ 102.409420206311225, -1.453951610852525 ], [ 102.409383659385824, -1.453580371031362 ], [ 102.409266324520075, -1.451889594851038 ], [ 102.409012419564675, -1.450977845238441 ], [ 102.407460136996377, -1.451077868402692 ], [ 102.407050426727423, -1.452945608642845 ], [ 102.407040809115458, -1.453097566911611 ] ] ] } },
{ "type": "Feature", "properties": { "id": 211, "diameter": 2.0, "jenis": "PVC", "length": 174.25, "kedalaman": null, "tahun_pasa": null, "tanggal_pa": null, "pelaksana": null, "sumber_dan": "Hibah", "jenis_jari": "Distribusi", "as_built_d": "http://192.168.1.4/fotogis/muara_tebo/asbuilt/pipa_pipa_terpasang/", "file_as_bu": null, "narasumber": null, "sumber_air": null, "lasteditby": "mustofa", "valid": null, "keterangan": null }, "geometry": { "type": "MultiLineString", "coordinates": [ [ [ 102.407461579638152, -1.451075463999706 ], [ 102.407473601653095, -1.450658540521793 ], [ 102.407212002608119, -1.449540974013524 ] ] ] } },
{ "type": "Feature", "properties": { "id": 215, "diameter": 2.0, "jenis": "PVC", "length": 454.72, "kedalaman": 50.0, "tahun_pasa": 2021, "tanggal_pa": null, "pelaksana": null, "sumber_dan": "APBN", "jenis_jari": "Distribusi", "as_built_d": "http://192.168.1.4/fotogis/muara_tebo/asbuilt/pipa_pipa_terpasang/", "file_as_bu": null, "narasumber": null, "sumber_air": null, "lasteditby": "mustofa", "valid": null, "keterangan": null }, "geometry": { "type": "MultiLineString", "coordinates": [ [ [ 102.449381764936916, -1.478454146136586 ], [ 102.450166699310458, -1.477946116718891 ], [ 102.451047807000577, -1.477990918804831 ], [ 102.451672547198967, -1.477921226671147 ], [ 102.452277375359145, -1.477831622499268 ], [ 102.453053944848762, -1.477428403725813 ], [ 102.453194573618532, -1.477369912113614 ] ] ] } },
{ "type": "Feature", "properties": { "id": 276, "diameter": 3.0, "jenis": "PVC", "length": 779.63, "kedalaman": null, "tahun_pasa": null, "tanggal_pa": null, "pelaksana": null, "sumber_dan": "PDAM", "jenis_jari": "Distribusi", "as_built_d": "http://192.168.1.4/fotogis/muara_tebo/asbuilt/pipa_pipa_terpasang/", "file_as_bu": null, "narasumber": null, "sumber_air": null, "lasteditby": "sri", "valid": null, "keterangan": null }, "geometry": { "type": "MultiLineString", "coordinates": [ [ [ 102.359773035955726, -1.472088095357847 ], [ 102.359730461671717, -1.472137228199091 ], [ 102.359673059630808, -1.472234531151586 ], [ 102.359633592309365, -1.47230243426439 ], [ 102.359587602013889, -1.472346006861586 ], [ 102.359524713532011, -1.47234711456107 ], [ 102.359471055661459, -1.472353273793034 ], [ 102.359387761387055, -1.472372279310435 ], [ 102.359299488064892, -1.472418086416542 ], [ 102.35914712696669, -1.472468035699942 ], [ 102.359017570249392, -1.472494018209807 ], [ 102.358858995226086, -1.472506426950083 ], [ 102.358678106741834, -1.47251492875891 ], [ 102.358459714616004, -1.472479838860598 ], [ 102.357962187433387, -1.472284608266043 ], [ 102.357500310917104, -1.472095047301825 ], [ 102.356856674781312, -1.471820318659663 ], [ 102.356701153345739, -1.471750432757048 ], [ 102.356378663145975, -1.471597014697487 ], [ 102.356342703430698, -1.471604555094662 ], [ 102.356288354977551, -1.471619563404266 ], [ 102.356252195599637, -1.471608079174096 ], [ 102.356235242720103, -1.471581731603815 ], [ 102.356223904777764, -1.47153585069462 ], [ 102.356209604842377, -1.471506341468638 ], [ 102.35480778548137, -1.470920032905454 ], [ 102.353396898270162, -1.470397503069388 ] ] ] } },
{ "type": "Feature", "properties": { "id": 214, "diameter": 2.0, "jenis": "PVC", "length": 287.5, "kedalaman": 50.0, "tahun_pasa": null, "tanggal_pa": null, "pelaksana": null, "sumber_dan": "APBN", "jenis_jari": "Distribusi", "as_built_d": "http://192.168.1.4/fotogis/muara_tebo/asbuilt/pipa_pipa_terpasang/", "file_as_bu": null, "narasumber": null, "sumber_air": null, "lasteditby": "mustofa", "valid": null, "keterangan": null }, "geometry": { "type": "MultiLineString", "coordinates": [ [ [ 102.460227256608704, -1.467267041734253 ], [ 102.460043070255381, -1.467275753250963 ], [ 102.460096583858018, -1.464878841653198 ] ] ] } },
{ "type": "Feature", "properties": { "id": 235, "diameter": 6.0, "jenis": "PVC", "length": 0.9, "kedalaman": null, "tahun_pasa": null, "tanggal_pa": null, "pelaksana": null, "sumber_dan": "Hibah", "jenis_jari": "Distribusi", "as_built_d": "http://192.168.1.4/fotogis/muara_tebo/asbuilt/pipa_pipa_terpasang/", "file_as_bu": null, "narasumber": null, "sumber_air": null, "lasteditby": "mustofa", "valid": null, "keterangan": null }, "geometry": { "type": "MultiLineString", "coordinates": [ [ [ 102.412763011244635, -1.462834662131071 ], [ 102.41276389151011, -1.462842670033481 ] ] ] } },
{ "type": "Feature", "properties": { "id": 100, "diameter": 2.0, "jenis": "PVC", "length": 744.43, "kedalaman": null, "tahun_pasa": null, "tanggal_pa": null, "pelaksana": null, "sumber_dan": null, "jenis_jari": null, "as_built_d": "http://192.168.1.2/fotogis/asbuilt/pipa_pipa_terpasang/", "file_as_bu": null, "narasumber": null, "sumber_air": null, "lasteditby": "mustofa", "valid": null, "keterangan": null }, "geometry": { "type": "MultiLineString", "coordinates": [ [ [ 102.442231489108394, -1.488031825811519 ], [ 102.442163907264259, -1.488119657981231 ], [ 102.442084259111468, -1.488202624807045 ], [ 102.441999632949148, -1.488310481680602 ], [ 102.441886798066022, -1.488483052678295 ], [ 102.441749073135171, -1.48869876642541 ], [ 102.441583139483541, -1.488947666902851 ], [ 102.441511788013344, -1.48910364453538 ], [ 102.441488557302108, -1.489211501408938 ], [ 102.441493535311679, -1.489364160368436 ], [ 102.441525062705495, -1.489566599423421 ], [ 102.441559908772348, -1.489838730612089 ], [ 102.44158148014705, -1.490102565118177 ], [ 102.441608029531324, -1.490351465595618 ], [ 102.441634578915568, -1.490590410053961 ], [ 102.441664446972865, -1.490759662378621 ], [ 102.441676062328483, -1.490854244560048 ], [ 102.441679453648305, -1.490970610084159 ], [ 102.441700697209001, -1.491105335722087 ], [ 102.441727706714502, -1.491351489216972 ], [ 102.441768985173397, -1.491675616135603 ], [ 102.441803831240236, -1.491982593391113 ], [ 102.441841995980127, -1.492204944484294 ], [ 102.441868545364386, -1.492428954913991 ], [ 102.441906710104249, -1.49279400894757 ], [ 102.441941556171088, -1.493079414828369 ], [ 102.441996314276125, -1.49342621616027 ], [ 102.442054391054185, -1.493709962704553 ], [ 102.442095874467071, -1.493940610480315 ], [ 102.442148973235589, -1.494284093139183 ], [ 102.442177181956382, -1.494441730108229 ] ] ] } },
{ "type": "Feature", "properties": { "id": 198, "diameter": 6.0, "jenis": "PVC", "length": 825.22, "kedalaman": null, "tahun_pasa": null, "tanggal_pa": null, "pelaksana": null, "sumber_dan": null, "jenis_jari": null, "as_built_d": "http://192.168.1.2/fotogis/asbuilt/pipa_pipa_terpasang/", "file_as_bu": null, "narasumber": null, "sumber_air": null, "lasteditby": "mustofa", "valid": null, "keterangan": null }, "geometry": { "type": "MultiLineString", "coordinates": [ [ [ 102.444477242359326, -1.481376280781528 ], [ 102.444509350348397, -1.481568597404589 ], [ 102.444506830898106, -1.481675723766357 ], [ 102.444440420709, -1.481917044958495 ], [ 102.444398312360207, -1.482048028497994 ], [ 102.444279775720304, -1.482249338920274 ], [ 102.444155030996683, -1.482499770608485 ], [ 102.444061169631198, -1.482750558009551 ], [ 102.44393107718561, -1.483019142893504 ], [ 102.443800696843383, -1.483340168797373 ], [ 102.443695842221331, -1.483590699010923 ], [ 102.443573869551628, -1.483896361664653 ], [ 102.443450626847451, -1.484187507757891 ], [ 102.443373414669693, -1.484391736548605 ], [ 102.443286011941424, -1.484645430107768 ], [ 102.443201085897968, -1.484860271259912 ], [ 102.443012757761792, -1.485410657941836 ], [ 102.442880796619093, -1.485850389152059 ], [ 102.442810696401907, -1.486208410702942 ], [ 102.442720277650906, -1.48671785598768 ], [ 102.442214366745503, -1.486714231063616 ], [ 102.442083765160802, -1.486713928117705 ], [ 102.442103279226998, -1.486954331332018 ], [ 102.442132297276103, -1.48732234822856 ], [ 102.442193716985457, -1.48780895370032 ] ] ] } },
{ "type": "Feature", "properties": { "id": 106, "diameter": 4.0, "jenis": "PVC", "length": 129.77, "kedalaman": null, "tahun_pasa": null, "tanggal_pa": null, "pelaksana": null, "sumber_dan": null, "jenis_jari": null, "as_built_d": "http://192.168.1.2/fotogis/asbuilt/pipa_pipa_terpasang/", "file_as_bu": null, "narasumber": null, "sumber_air": null, "lasteditby": "mustofa", "valid": null, "keterangan": null }, "geometry": { "type": "MultiLineString", "coordinates": [ [ [ 102.440824101636807, -1.495871643828566 ], [ 102.440904783850996, -1.496015545435099 ], [ 102.441001126398902, -1.496170341535262 ], [ 102.441183547735704, -1.496474289384893 ], [ 102.441446034358606, -1.496856514939301 ] ] ] } },
{ "type": "Feature", "properties": { "id": 266, "diameter": 2.0, "jenis": "PVC", "length": 657.89, "kedalaman": null, "tahun_pasa": null, "tanggal_pa": null, "pelaksana": null, "sumber_dan": null, "jenis_jari": "Distribusi", "as_built_d": "http://192.168.1.4/fotogis/muara_tebo/asbuilt/pipa_pipa_terpasang/", "file_as_bu": null, "narasumber": null, "sumber_air": null, "lasteditby": "mustofa", "valid": null, "keterangan": null }, "geometry": { "type": "MultiLineString", "coordinates": [ [ [ 102.447579158913626, -1.484460332113904 ], [ 102.447638292372474, -1.484885988488035 ], [ 102.447719842665137, -1.485210381656143 ], [ 102.44775502776011, -1.485648298010961 ], [ 102.447699929250746, -1.486090985536018 ], [ 102.447675405066946, -1.486418403775021 ], [ 102.447721107561946, -1.48658329689357 ], [ 102.447778953959428, -1.486743999936677 ], [ 102.447953774938355, -1.487097764436823 ], [ 102.447970687196118, -1.487434067943509 ], [ 102.447955121443059, -1.488114123667111 ], [ 102.447971373813076, -1.488478633501285 ], [ 102.448031742979595, -1.488560925289609 ], [ 102.448222833566916, -1.488609105178617 ], [ 102.449735386466799, -1.488650381655125 ] ] ] } },
{ "type": "Feature", "properties": { "id": 3, "diameter": 1.0, "jenis": "PVC", "length": 40.45, "kedalaman": null, "tahun_pasa": null, "tanggal_pa": null, "pelaksana": null, "sumber_dan": null, "jenis_jari": null, "as_built_d": "http://192.168.1.2/fotogis/asbuilt/pipa_pipa_terpasang/", "file_as_bu": null, "narasumber": null, "sumber_air": null, "lasteditby": "mustofa", "valid": null, "keterangan": null }, "geometry": { "type": "MultiLineString", "coordinates": [ [ [ 102.448436913409168, -1.478904973738553 ], [ 102.448504044121151, -1.478825979906648 ], [ 102.448715607030479, -1.478675390954633 ], [ 102.448715609526985, -1.478675395117796 ] ] ] } },
{ "type": "Feature", "properties": { "id": 262, "diameter": 2.0, "jenis": "PVC", "length": 387.3, "kedalaman": null, "tahun_pasa": null, "tanggal_pa": null, "pelaksana": null, "sumber_dan": "PDAM", "jenis_jari": "Distribusi", "as_built_d": "http://192.168.1.4/fotogis/muara_tebo/asbuilt/pipa_pipa_terpasang/", "file_as_bu": null, "narasumber": null, "sumber_air": null, "lasteditby": "mustofa", "valid": null, "keterangan": null }, "geometry": { "type": "MultiLineString", "coordinates": [ [ [ 102.442074685343499, -1.479697799437887 ], [ 102.442388895451586, -1.479692138887746 ], [ 102.442781037774836, -1.479662378645033 ], [ 102.443393052457964, -1.479650673736885 ], [ 102.443987871896923, -1.479629558581531 ], [ 102.444103060474447, -1.479625847757913 ], [ 102.444492279229294, -1.479708218314735 ], [ 102.444754124122866, -1.479758983648895 ], [ 102.444955243911764, -1.479791413363001 ], [ 102.445015766064785, -1.479797032996859 ], [ 102.445056520070068, -1.479826211391827 ], [ 102.445187299099587, -1.480063077681519 ], [ 102.445265183849472, -1.480246360228297 ] ] ] } },
{ "type": "Feature", "properties": { "id": 261, "diameter": 2.0, "jenis": "PVC", "length": 589.39, "kedalaman": null, "tahun_pasa": null, "tanggal_pa": null, "pelaksana": null, "sumber_dan": null, "jenis_jari": null, "as_built_d": "http://192.168.1.4/fotogis/muara_tebo/asbuilt/pipa_pipa_terpasang/", "file_as_bu": null, "narasumber": null, "sumber_air": null, "lasteditby": "mustofa", "valid": null, "keterangan": null }, "geometry": { "type": "MultiLineString", "coordinates": [ [ [ 102.444449782765517, -1.481376784016172 ], [ 102.444449735069483, -1.481342768996447 ], [ 102.444195178432196, -1.481344120097165 ], [ 102.443626299572614, -1.481287472845925 ], [ 102.443246084343087, -1.481235239385106 ], [ 102.442852250483426, -1.481183287847023 ], [ 102.442639915159447, -1.481168211319304 ], [ 102.442473163763481, -1.481112764594175 ], [ 102.442315777605316, -1.481029211926555 ], [ 102.442223528704986, -1.480920859874054 ], [ 102.442149942356849, -1.480776312045359 ], [ 102.442077280342446, -1.479706667935012 ], [ 102.44204504294531, -1.478859965828846 ], [ 102.442296665785207, -1.478877062462375 ], [ 102.442905949622528, -1.478896521274679 ] ] ] } },
{ "type": "Feature", "properties": { "id": 267, "diameter": 2.0, "jenis": "PVC", "length": 1222.7, "kedalaman": null, "tahun_pasa": null, "tanggal_pa": null, "pelaksana": null, "sumber_dan": null, "jenis_jari": null, "as_built_d": "http://192.168.1.4/fotogis/muara_tebo/asbuilt/pipa_pipa_terpasang/", "file_as_bu": null, "narasumber": null, "sumber_air": null, "lasteditby": "mustofa", "valid": null, "keterangan": null }, "geometry": { "type": "MultiLineString", "coordinates": [ [ [ 102.449735386466799, -1.488650381655125 ], [ 102.451056421535924, -1.488546118983899 ], [ 102.451924184340285, -1.488463944332598 ], [ 102.452033905786408, -1.488466855436491 ], [ 102.452334475462408, -1.488506239051757 ], [ 102.453083318492403, -1.488700316372295 ], [ 102.453436575060806, -1.488841429617644 ], [ 102.453943743034884, -1.4890973098472 ], [ 102.454834896673887, -1.489416551955069 ], [ 102.455553787277083, -1.489625760259972 ], [ 102.455891524526265, -1.489768231269818 ], [ 102.45727137772721, -1.490382500843661 ], [ 102.45867202653443, -1.491019972010851 ], [ 102.459397822742034, -1.491272362856662 ], [ 102.460048156787749, -1.49148444146151 ], [ 102.460124585161893, -1.491527993521695 ] ] ] } },
{ "type": "Feature", "properties": { "id": 227, "diameter": 4.0, "jenis": "PVC", "length": 173.9, "kedalaman": 60.0, "tahun_pasa": 2022, "tanggal_pa": null, "pelaksana": null, "sumber_dan": "APBN", "jenis_jari": "Distribusi", "as_built_d": "http://192.168.1.4/fotogis/muara_tebo/asbuilt/pipa_pipa_terpasang/", "file_as_bu": null, "narasumber": null, "sumber_air": null, "lasteditby": "mustofa", "valid": null, "keterangan": null }, "geometry": { "type": "MultiLineString", "coordinates": [ [ [ 102.437945147879773, -1.47088485554643 ], [ 102.43792375980442, -1.472444361445484 ], [ 102.437923680213615, -1.472446394916775 ] ] ] } },
{ "type": "Feature", "properties": { "id": 221, "diameter": 4.0, "jenis": "PVC", "length": 290.74, "kedalaman": 60.0, "tahun_pasa": 2021, "tanggal_pa": null, "pelaksana": null, "sumber_dan": "APBN", "jenis_jari": "Distribusi", "as_built_d": "http://192.168.1.4/fotogis/muara_tebo/asbuilt/pipa_pipa_terpasang/", "file_as_bu": null, "narasumber": null, "sumber_air": null, "lasteditby": "mustofa", "valid": null, "keterangan": null }, "geometry": { "type": "MultiLineString", "coordinates": [ [ [ 102.448981777474941, -1.504506753355094 ], [ 102.449671231797439, -1.503782452965738 ], [ 102.449925110284426, -1.503575865569461 ], [ 102.450793772950718, -1.502978504423601 ], [ 102.450985426318354, -1.502851565180106 ] ] ] } },
{ "type": "Feature", "properties": { "id": 217, "diameter": 6.0, "jenis": "GI", "length": 142.39, "kedalaman": null, "tahun_pasa": 2022, "tanggal_pa": null, "pelaksana": null, "sumber_dan": "APBN", "jenis_jari": "Distribusi", "as_built_d": "http://192.168.1.4/fotogis/muara_tebo/asbuilt/pipa_pipa_terpasang/", "file_as_bu": null, "narasumber": null, "sumber_air": null, "lasteditby": "mustofa", "valid": null, "keterangan": null }, "geometry": { "type": "MultiLineString", "coordinates": [ [ [ 102.445507437935518, -1.499715108038746 ], [ 102.446308897472889, -1.500552035894144 ], [ 102.446374233848204, -1.500652840587508 ] ] ] } },
{ "type": "Feature", "properties": { "id": 216, "diameter": 6.0, "jenis": "HDPE", "length": 1477.11, "kedalaman": 80.0, "tahun_pasa": 2022, "tanggal_pa": null, "pelaksana": null, "sumber_dan": "Hibah", "jenis_jari": "Distribusi", "as_built_d": "http://192.168.1.4/fotogis/muara_tebo/asbuilt/pipa_pipa_terpasang/", "file_as_bu": null, "narasumber": null, "sumber_air": null, "lasteditby": "mustofa", "valid": null, "keterangan": null }, "geometry": { "type": "MultiLineString", "coordinates": [ [ [ 102.442193716985457, -1.48780895370032 ], [ 102.442211062237476, -1.487928114803895 ], [ 102.442221951633371, -1.487959849614769 ], [ 102.442045854545569, -1.488121323799509 ], [ 102.441543075581109, -1.48879646634457 ], [ 102.441485828471301, -1.488921538834485 ], [ 102.441480850461744, -1.488933983858357 ], [ 102.441421736598357, -1.489078968386467 ], [ 102.441387512782711, -1.489278711019614 ], [ 102.441410536076887, -1.489600414886707 ], [ 102.441472761196252, -1.489936430531253 ], [ 102.44159347792781, -1.490899675378954 ], [ 102.441665659066274, -1.49140494334816 ], [ 102.441702994137898, -1.491652599323215 ], [ 102.441803798831245, -1.492599665639881 ], [ 102.441945672103401, -1.49358531153055 ], [ 102.44199296319411, -1.493886481108254 ], [ 102.442107457413726, -1.494626960028643 ], [ 102.44217963855219, -1.494827324912984 ], [ 102.4423551133888, -1.495027689797325 ], [ 102.442833002305477, -1.495985956635476 ], [ 102.443502544589791, -1.496986536554791 ], [ 102.444428454365863, -1.498318154109105 ], [ 102.445361831156276, -1.499545233462893 ], [ 102.445410366749329, -1.499600613819123 ], [ 102.445450190825724, -1.499650393914612 ], [ 102.445492503906891, -1.499702663014874 ] ] ] } },
{ "type": "Feature", "properties": { "id": 218, "diameter": 4.0, "jenis": "PVC", "length": 1602.16, "kedalaman": 70.0, "tahun_pasa": 2021, "tanggal_pa": null, "pelaksana": null, "sumber_dan": "APBN", "jenis_jari": "Distribusi", "as_built_d": "http://192.168.1.4/fotogis/muara_tebo/asbuilt/pipa_pipa_terpasang/", "file_as_bu": null, "narasumber": null, "sumber_air": null, "lasteditby": "mustofa", "valid": null, "keterangan": null }, "geometry": { "type": "MultiLineString", "coordinates": [ [ [ 102.446376100601768, -1.500655640717879 ], [ 102.446914659009863, -1.50125580199411 ], [ 102.447100089865557, -1.501466122897549 ], [ 102.447499575131829, -1.502347230587692 ], [ 102.448017288124916, -1.503153668134603 ], [ 102.448525045098918, -1.503840633452342 ], [ 102.448948175910559, -1.504420571564782 ], [ 102.449184631364119, -1.504930817543537 ], [ 102.449373795726956, -1.505269322192858 ], [ 102.449682432318994, -1.505752189119095 ], [ 102.449926354786896, -1.506095671777965 ], [ 102.450239969388463, -1.506471511498902 ], [ 102.450297216498257, -1.506561115670781 ], [ 102.450376864651048, -1.506839884205516 ], [ 102.450396776689189, -1.507036515582694 ], [ 102.450346996593709, -1.508106787635694 ], [ 102.450381842660576, -1.508963005278093 ], [ 102.450456512803783, -1.510416584066353 ], [ 102.450282282469573, -1.511531658205292 ], [ 102.450182722278598, -1.51213897537025 ], [ 102.450090629101936, -1.51378420752614 ] ] ] } },
{ "type": "Feature", "properties": { "id": 219, "diameter": 4.0, "jenis": "PVC", "length": 85.65, "kedalaman": 70.0, "tahun_pasa": 2021, "tanggal_pa": null, "pelaksana": null, "sumber_dan": "APBN", "jenis_jari": "Distribusi", "as_built_d": "http://192.168.1.4/fotogis/muara_tebo/asbuilt/pipa_pipa_terpasang/", "file_as_bu": null, "narasumber": null, "sumber_air": null, "lasteditby": "mustofa", "valid": null, "keterangan": null }, "geometry": { "type": "MultiLineString", "coordinates": [ [ [ 102.450390554177275, -1.509162125660046 ], [ 102.449887775212844, -1.509228084286568 ], [ 102.449633896725857, -1.50929404291309 ] ] ] } },
{ "type": "Feature", "properties": { "id": 220, "diameter": 4.0, "jenis": "PVC", "length": 349.89, "kedalaman": 60.0, "tahun_pasa": 2021, "tanggal_pa": null, "pelaksana": null, "sumber_dan": "APBN", "jenis_jari": "Distribusi", "as_built_d": "http://192.168.1.4/fotogis/muara_tebo/asbuilt/pipa_pipa_terpasang/", "file_as_bu": null, "narasumber": null, "sumber_air": null, "lasteditby": "mustofa", "valid": null, "keterangan": null }, "geometry": { "type": "MultiLineString", "coordinates": [ [ [ 102.449160985818665, -1.504890060090355 ], [ 102.448685585906759, -1.505116559524827 ], [ 102.44740374844794, -1.505903085033542 ], [ 102.447122490908413, -1.506084782382075 ], [ 102.447032886736537, -1.506184342573052 ], [ 102.446739184173154, -1.506756813671168 ] ] ] } },
{ "type": "Feature", "properties": { "id": 2, "diameter": 1.0, "jenis": "PVC", "length": 80.46, "kedalaman": null, "tahun_pasa": null, "tanggal_pa": null, "pelaksana": null, "sumber_dan": null, "jenis_jari": null, "as_built_d": "http://192.168.1.2/fotogis/asbuilt/pipa_pipa_terpasang/", "file_as_bu": null, "narasumber": null, "sumber_air": null, "lasteditby": "mustofa", "valid": null, "keterangan": null }, "geometry": { "type": "MultiLineString", "coordinates": [ [ [ 102.451511312627503, -1.465970165786975 ], [ 102.451662519879974, -1.466084032024991 ], [ 102.451825435925201, -1.466235668762976 ], [ 102.4520617130147, -1.466437667410596 ] ] ] } },
{ "type": "Feature", "properties": { "id": 72, "diameter": 2.0, "jenis": "PVC", "length": 415.69, "kedalaman": null, "tahun_pasa": null, "tanggal_pa": null, "pelaksana": null, "sumber_dan": null, "jenis_jari": null, "as_built_d": "http://192.168.1.2/fotogis/asbuilt/pipa_pipa_terpasang/", "file_as_bu": null, "narasumber": null, "sumber_air": null, "lasteditby": "mustofa", "valid": null, "keterangan": null }, "geometry": { "type": "MultiLineString", "coordinates": [ [ [ 102.448431458422803, -1.465959674226192 ], [ 102.448565208511937, -1.46591992645118 ], [ 102.448548303288348, -1.465820539668592 ], [ 102.448728206740356, -1.465752021540776 ], [ 102.4488908575008, -1.465645344933501 ], [ 102.449211939116694, -1.465376532417864 ], [ 102.449595556977556, -1.465060117685918 ], [ 102.449644559259056, -1.465113320162971 ], [ 102.449722962909448, -1.465053584048385 ], [ 102.449842435138649, -1.46506291781629 ], [ 102.450241920404963, -1.46527292759413 ], [ 102.450490198631215, -1.46541013398232 ], [ 102.450688074510794, -1.465518405690006 ], [ 102.450965287417546, -1.465672412860423 ], [ 102.451253700845768, -1.465822686523678 ], [ 102.451495896987609, -1.465961330353982 ], [ 102.451511312839912, -1.465970160056562 ] ] ] } },
{ "type": "Feature", "properties": { "id": 212, "diameter": 4.0, "jenis": "PVC", "length": 479.31, "kedalaman": 50.0, "tahun_pasa": null, "tanggal_pa": null, "pelaksana": null, "sumber_dan": "APBN", "jenis_jari": "Distribusi", "as_built_d": "http://192.168.1.4/fotogis/muara_tebo/asbuilt/pipa_pipa_terpasang/", "file_as_bu": null, "narasumber": null, "sumber_air": null, "lasteditby": "mustofa", "valid": null, "keterangan": null }, "geometry": { "type": "MultiLineString", "coordinates": [ [ [ 102.442214539438794, -1.487979434925149 ], [ 102.442040182985295, -1.488108988965952 ], [ 102.44152744800175, -1.488852371725245 ], [ 102.441424569137766, -1.489107909548752 ], [ 102.441399679090026, -1.489283799219477 ], [ 102.441419591128223, -1.489582479792407 ], [ 102.441443449032931, -1.489701769480161 ], [ 102.441485964588878, -1.48991102842263 ], [ 102.441579856301104, -1.491132979125732 ], [ 102.441596725301352, -1.491167975833711 ], [ 102.441707900847959, -1.491992666082302 ] ] ] } },
{ "type": "Feature", "properties": { "id": 12, "diameter": 2.0, "jenis": "PVC", "length": 351.02, "kedalaman": null, "tahun_pasa": null, "tanggal_pa": null, "pelaksana": null, "sumber_dan": null, "jenis_jari": null, "as_built_d": "http://192.168.1.2/fotogis/asbuilt/pipa_pipa_terpasang/", "file_as_bu": null, "narasumber": null, "sumber_air": null, "lasteditby": "mustofa", "valid": null, "keterangan": null }, "geometry": { "type": "MultiLineString", "coordinates": [ [ [ 102.438983601502002, -1.488972551319303 ], [ 102.438962495759597, -1.488999600040851 ], [ 102.438812116266206, -1.489191315507715 ], [ 102.438687495517698, -1.489353607967158 ], [ 102.438526891662804, -1.489572195975294 ], [ 102.438411797491696, -1.489754185716058 ], [ 102.438259717250503, -1.490030276184236 ], [ 102.438135428469394, -1.490251763834229 ], [ 102.438075954474797, -1.490396160410112 ], [ 102.438030167600203, -1.490580700521402 ], [ 102.437989554901804, -1.490818782861272 ], [ 102.437948809273706, -1.490967757294868 ], [ 102.437914876878096, -1.491143597758395 ], [ 102.437902582315701, -1.49124089840862 ], [ 102.437893442786702, -1.49145111942058 ], [ 102.437887306458293, -1.491835223083068 ] ] ] } },
{ "type": "Feature", "properties": { "id": 224, "diameter": 2.0, "jenis": "PVC", "length": 533.05, "kedalaman": 50.0, "tahun_pasa": 2021, "tanggal_pa": null, "pelaksana": null, "sumber_dan": "APBN", "jenis_jari": "Distribusi", "as_built_d": "http://192.168.1.4/fotogis/muara_tebo/asbuilt/pipa_pipa_terpasang/", "file_as_bu": null, "narasumber": null, "sumber_air": null, "lasteditby": "mustofa", "valid": null, "keterangan": null }, "geometry": { "type": "MultiLineString", "coordinates": [ [ [ 102.451495896987609, -1.465961330353982 ], [ 102.451501045695139, -1.465952425897544 ], [ 102.451650385981608, -1.466060230916835 ], [ 102.452059205015786, -1.466329976809261 ], [ 102.452382153385258, -1.4665110519066 ], [ 102.452738703319199, -1.46672012830765 ], [ 102.45323339301811, -1.467074811488003 ], [ 102.453569408662659, -1.467283887889054 ], [ 102.454192904358649, -1.467468696493554 ], [ 102.45467639353609, -1.467588168722725 ], [ 102.454876136169247, -1.467653505098054 ], [ 102.455401627302251, -1.467927917874432 ], [ 102.455712441773443, -1.468118326739674 ] ] ] } },
{ "type": "Feature", "properties": { "id": 226, "diameter": 4.0, "jenis": "HDPE", "length": 678.53, "kedalaman": 60.0, "tahun_pasa": 2022, "tanggal_pa": null, "pelaksana": null, "sumber_dan": "APBN", "jenis_jari": "Distribusi", "as_built_d": "http://192.168.1.4/fotogis/muara_tebo/asbuilt/pipa_pipa_terpasang/", "file_as_bu": null, "narasumber": null, "sumber_air": null, "lasteditby": "sri", "valid": null, "keterangan": null }, "geometry": { "type": "MultiLineString", "coordinates": [ [ [ 102.440439234762337, -1.470276621297907 ], [ 102.440356060129375, -1.470294961414895 ], [ 102.439775499765744, -1.470502171062364 ], [ 102.438157024411197, -1.470629110305859 ], [ 102.436630019982076, -1.470675779145379 ], [ 102.436576686491861, -1.470676711695946 ], [ 102.435463298994065, -1.470694446681188 ], [ 102.434388048931538, -1.470726181492061 ] ] ] } },
{ "type": "Feature", "properties": { "id": 16, "diameter": 2.0, "jenis": "PVC", "length": 139.86, "kedalaman": null, "tahun_pasa": null, "tanggal_pa": null, "pelaksana": null, "sumber_dan": null, "jenis_jari": null, "as_built_d": "http://192.168.1.2/fotogis/asbuilt/pipa_pipa_terpasang/", "file_as_bu": null, "narasumber": null, "sumber_air": null, "lasteditby": "mustofa", "valid": null, "keterangan": null }, "geometry": { "type": "MultiLineString", "coordinates": [ [ [ 102.438962495759597, -1.488999600040851 ], [ 102.438822227367865, -1.48891969842952 ], [ 102.438641800562095, -1.488822135229665 ], [ 102.43845578036904, -1.488717587860319 ], [ 102.438377424195806, -1.488832809285503 ], [ 102.438290847726819, -1.488953732245024 ], [ 102.438036262627804, -1.489246791473564 ] ] ] } },
{ "type": "Feature", "properties": { "id": 191, "diameter": 6.0, "jenis": "PVC", "length": 3710.55, "kedalaman": null, "tahun_pasa": null, "tanggal_pa": null, "pelaksana": null, "sumber_dan": null, "jenis_jari": null, "as_built_d": "http://192.168.1.2/fotogis/asbuilt/pipa_pipa_terpasang/", "file_as_bu": null, "narasumber": null, "sumber_air": null, "lasteditby": "mustofa", "valid": null, "keterangan": null }, "geometry": { "type": "MultiLineString", "coordinates": [ [ [ 102.444743493067875, -1.481033077790078 ], [ 102.44474031517872, -1.481028138826322 ], [ 102.444739469085206, -1.481024240307449 ], [ 102.444512165883566, -1.480567425902054 ], [ 102.444507753375262, -1.480555624661831 ], [ 102.444499330017692, -1.480541541517234 ], [ 102.444494780693958, -1.480529942775168 ], [ 102.444282567711909, -1.480582996020679 ], [ 102.4442668506329, -1.480521834117054 ], [ 102.444034541571796, -1.479699784833773 ], [ 102.443802612011297, -1.478838426321319 ], [ 102.44370547849087, -1.478492552088174 ], [ 102.443695321843379, -1.478203102224833 ], [ 102.443063711037297, -1.478218921841376 ], [ 102.442054317842647, -1.478263719390653 ], [ 102.442026174085967, -1.477670566730766 ], [ 102.442008073241965, -1.476840144960254 ], [ 102.441969414570195, -1.475760565664244 ], [ 102.441951539924361, -1.474571416624632 ], [ 102.441942932123411, -1.474300549190941 ], [ 102.441933015379149, -1.473904960582017 ], [ 102.441912057469821, -1.473226371043962 ], [ 102.441905817617524, -1.47273168965097 ], [ 102.441887802825732, -1.472133780050781 ], [ 102.441867235562739, -1.471522375554871 ], [ 102.441852284230265, -1.470896761520692 ], [ 102.441838385729696, -1.470471341212672 ], [ 102.441830630810259, -1.470022062457326 ], [ 102.441818554710466, -1.46946067245055 ], [ 102.441818408372427, -1.469421759838228 ], [ 102.441786639466514, -1.468982504433616 ], [ 102.441689319200364, -1.468767245771715 ], [ 102.44152342910408, -1.46860808464379 ], [ 102.441233141343531, -1.468401358708214 ], [ 102.440963548338274, -1.468221211338486 ], [ 102.440734443716181, -1.468093464964714 ], [ 102.439796513485589, -1.467441580917338 ], [ 102.438910672480773, -1.466841082923693 ], [ 102.438826836446978, -1.46677994974297 ], [ 102.438349711130698, -1.466481134720739 ], [ 102.437138579499205, -1.465704287478697 ], [ 102.436364906546203, -1.465160857244676 ], [ 102.435647928780142, -1.464677560910804 ], [ 102.434618609570251, -1.464003854398427 ], [ 102.43416297033977, -1.463721330434134 ], [ 102.43387205628153, -1.463529713406726 ], [ 102.433588771720849, -1.463333409093859 ], [ 102.433368267489911, -1.463183869495775 ], [ 102.432869343926384, -1.462985528238293 ], [ 102.432552527913529, -1.462948125434971 ], [ 102.432550064556935, -1.462947536992564 ], [ 102.432521441734934, -1.46294200158317 ], [ 102.432494903235934, -1.462941911526429 ], [ 102.432163961684793, -1.462932205816397 ], [ 102.431598674851998, -1.462930983192148 ], [ 102.430989503303607, -1.462914735716658 ], [ 102.430341591497907, -1.462915132005447 ], [ 102.429814252417856, -1.462897523929053 ], [ 102.429532225198798, -1.462888130846557 ], [ 102.429300650576849, -1.462883528215366 ], [ 102.428604260993595, -1.462869558209404 ], [ 102.428130658818901, -1.462876562996144 ], [ 102.427670386805502, -1.462870513347071 ], [ 102.427152301634194, -1.462854242784123 ], [ 102.426755105545993, -1.46284426206477 ], [ 102.426217079154796, -1.462837427679639 ], [ 102.425266370622296, -1.462816166463517 ], [ 102.424935455759893, -1.462818492058936 ], [ 102.424789808659696, -1.462820375636191 ], [ 102.424811636537399, -1.463096125430651 ] ] ] } },
{ "type": "Feature", "properties": { "id": 122, "diameter": 3.0, "jenis": "PVC", "length": 173.98, "kedalaman": null, "tahun_pasa": null, "tanggal_pa": null, "pelaksana": null, "sumber_dan": null, "jenis_jari": null, "as_built_d": "http://192.168.1.2/fotogis/asbuilt/pipa_pipa_terpasang/", "file_as_bu": null, "narasumber": null, "sumber_air": null, "lasteditby": "mustofa", "valid": null, "keterangan": null }, "geometry": { "type": "MultiLineString", "coordinates": [ [ [ 102.443693123917043, -1.492049642242752 ], [ 102.443685392911121, -1.492063636871452 ], [ 102.443659992259541, -1.492109258276366 ], [ 102.443654055789125, -1.492125392154131 ], [ 102.443649156041971, -1.492153375833351 ], [ 102.443627187754444, -1.492206733822328 ], [ 102.443583930481296, -1.492290596015046 ], [ 102.443659714705504, -1.492342564697793 ], [ 102.443767559478118, -1.49241150164317 ], [ 102.443970409453271, -1.492526588984763 ], [ 102.444061664341206, -1.492579171623148 ], [ 102.444078793619312, -1.492587937256916 ], [ 102.444697729573804, -1.492954059663463 ] ] ] } },
{ "type": "Feature", "properties": { "id": 137, "diameter": 3.0, "jenis": "PVC", "length": 520.79, "kedalaman": null, "tahun_pasa": null, "tanggal_pa": null, "pelaksana": null, "sumber_dan": null, "jenis_jari": null, "as_built_d": "http://192.168.1.2/fotogis/asbuilt/pipa_pipa_terpasang/", "file_as_bu": null, "narasumber": null, "sumber_air": null, "lasteditby": "mustofa", "valid": null, "keterangan": null }, "geometry": { "type": "MultiLineString", "coordinates": [ [ [ 102.448347189337497, -1.465485691019223 ], [ 102.448234778560504, -1.465512333851981 ], [ 102.447999598625401, -1.465564583900934 ], [ 102.447657838054397, -1.465638366909657 ], [ 102.447236712737407, -1.465734439933161 ], [ 102.446919332375401, -1.465758516869338 ], [ 102.446600817545672, -1.465783718042679 ], [ 102.4461794166359, -1.465842916186191 ], [ 102.445697499850468, -1.465864239751811 ], [ 102.445651114017593, -1.465870955036903 ], [ 102.445598411772295, -1.465869474238944 ], [ 102.445459076873505, -1.465874740521819 ], [ 102.444948740626657, -1.465733315695997 ], [ 102.444507720093171, -1.465642311458933 ], [ 102.4440190973434, -1.465534506439641 ], [ 102.443745405211146, -1.465505260552349 ] ] ] } },
{ "type": "Feature", "properties": { "id": 118, "diameter": 3.0, "jenis": "PVC", "length": 18.48, "kedalaman": null, "tahun_pasa": null, "tanggal_pa": null, "pelaksana": null, "sumber_dan": null, "jenis_jari": null, "as_built_d": "http://192.168.1.2/fotogis/asbuilt/pipa_pipa_terpasang/", "file_as_bu": null, "narasumber": null, "sumber_air": null, "lasteditby": "sri", "valid": null, "keterangan": null }, "geometry": { "type": "MultiLineString", "coordinates": [ [ [ 102.445202131375098, -1.49204114587266 ], [ 102.445186502757764, -1.492072493347615 ], [ 102.445130413926179, -1.49214189192023 ], [ 102.445103743155201, -1.492173917398675 ] ] ] } },
{ "type": "Feature", "properties": { "id": 174, "diameter": 4.0, "jenis": "PVC", "length": 866.61, "kedalaman": null, "tahun_pasa": null, "tanggal_pa": null, "pelaksana": null, "sumber_dan": null, "jenis_jari": null, "as_built_d": "http://192.168.1.2/fotogis/asbuilt/pipa_pipa_terpasang/", "file_as_bu": null, "narasumber": null, "sumber_air": null, "lasteditby": "sri", "valid": null, "keterangan": null }, "geometry": { "type": "MultiLineString", "coordinates": [ [ [ 102.438512205158503, -1.491344459038894 ], [ 102.438515996767705, -1.491422650243083 ], [ 102.438521838683002, -1.491544724778287 ], [ 102.438528708241904, -1.491632204018092 ], [ 102.438534564927593, -1.491701412944831 ], [ 102.438547563383807, -1.491831430542247 ], [ 102.438549116211504, -1.491916820813028 ], [ 102.438549766885302, -1.491966338603967 ], [ 102.438554481838807, -1.492215078676625 ], [ 102.438549320960348, -1.492385396938089 ], [ 102.438550032140398, -1.492403934470461 ], [ 102.438717813971806, -1.492432293738158 ], [ 102.438979796223805, -1.49247134035015 ], [ 102.439263488396804, -1.492507535649816 ], [ 102.439534228128494, -1.492544219868555 ], [ 102.439702010175594, -1.492574023838294 ], [ 102.439877857202504, -1.49262831642552 ], [ 102.440111598579193, -1.492690427049285 ], [ 102.440315417128602, -1.492765822082998 ], [ 102.440335525634495, -1.49281204555409 ], [ 102.440318943887604, -1.49293688148109 ], [ 102.440242868504896, -1.493470975379251 ], [ 102.440201889872995, -1.49378452047366 ], [ 102.440196175739999, -1.493952181367045 ], [ 102.4402277489597, -1.494164898683706 ], [ 102.440273660280297, -1.494429064262586 ], [ 102.440322074298393, -1.494709404631731 ], [ 102.440368313503896, -1.494943245823381 ], [ 102.440408389038595, -1.495050950831006 ], [ 102.440498995491396, -1.495217855646486 ], [ 102.440565397937803, -1.495311749128877 ], [ 102.440600901474298, -1.495388187908231 ], [ 102.440660262090901, -1.495545033397143 ], [ 102.440676485189201, -1.495641956811076 ], [ 102.440715682518302, -1.495763630312514 ], [ 102.440757071161599, -1.495859226814974 ], [ 102.440787665658405, -1.495875063051453 ], [ 102.440824101636807, -1.495871643828566 ], [ 102.440914511406945, -1.495858741450196 ], [ 102.440957064374899, -1.495827704162042 ], [ 102.441204923557507, -1.495691074251323 ], [ 102.441485253280803, -1.495522723022921 ], [ 102.441804552170495, -1.495346154741009 ], [ 102.442043805593599, -1.495187106595747 ], [ 102.442240441906407, -1.495069132337974 ] ] ] } },
{ "type": "Feature", "properties": { "id": 98, "diameter": 2.0, "jenis": "PVC", "length": 115.62, "kedalaman": null, "tahun_pasa": null, "tanggal_pa": null, "pelaksana": null, "sumber_dan": null, "jenis_jari": null, "as_built_d": "http://192.168.1.2/fotogis/asbuilt/pipa_pipa_terpasang/", "file_as_bu": null, "narasumber": null, "sumber_air": null, "lasteditby": "mustofa", "valid": null, "keterangan": null }, "geometry": { "type": "MultiLineString", "coordinates": [ [ [ 102.444648353991695, -1.490499759818815 ], [ 102.444579238208505, -1.490624209635819 ], [ 102.444481993152294, -1.490793660176377 ], [ 102.444383867665294, -1.490964246181116 ], [ 102.444283638792101, -1.491132276398696 ], [ 102.444187237290805, -1.491293689444925 ], [ 102.444122537635394, -1.491394981513119 ] ] ] } },
{ "type": "Feature", "properties": { "id": 228, "diameter": 2.0, "jenis": "PVC", "length": 229.65, "kedalaman": 50.0, "tahun_pasa": 2021, "tanggal_pa": null, "pelaksana": null, "sumber_dan": "APBN", "jenis_jari": "Distribusi", "as_built_d": "http://192.168.1.4/fotogis/muara_tebo/asbuilt/pipa_pipa_terpasang/", "file_as_bu": null, "narasumber": null, "sumber_air": null, "lasteditby": "mustofa", "valid": null, "keterangan": null }, "geometry": { "type": "MultiLineString", "coordinates": [ [ [ 102.381866012908404, -1.469624976031853 ], [ 102.381858429826508, -1.469344402001428 ], [ 102.381846296895446, -1.468687707108595 ], [ 102.381846296895461, -1.468126559047744 ], [ 102.381837197197171, -1.467700389844774 ], [ 102.381797765171271, -1.467663991051638 ], [ 102.381714351270332, -1.467656407969735 ] ] ] } },
{ "type": "Feature", "properties": { "id": 236, "diameter": 2.0, "jenis": "PVC", "length": 175.13, "kedalaman": null, "tahun_pasa": null, "tanggal_pa": null, "pelaksana": null, "sumber_dan": "Hibah", "jenis_jari": "Distribusi", "as_built_d": "http://192.168.1.4/fotogis/muara_tebo/asbuilt/pipa_pipa_terpasang/", "file_as_bu": null, "narasumber": null, "sumber_air": null, "lasteditby": "mustofa", "valid": null, "keterangan": null }, "geometry": { "type": "MultiLineString", "coordinates": [ [ [ 102.423876228953588, -1.46281523379297 ], [ 102.423870618404607, -1.462291103458476 ], [ 102.423841522684626, -1.462040680976374 ], [ 102.423820648488288, -1.461621372958433 ], [ 102.42379495970583, -1.461245605712382 ] ] ] } },
{ "type": "Feature", "properties": { "id": 192, "diameter": 6.0, "jenis": "PVC", "length": 4306.55, "kedalaman": null, "tahun_pasa": null, "tanggal_pa": null, "pelaksana": null, "sumber_dan": null, "jenis_jari": null, "as_built_d": "http://192.168.1.2/fotogis/asbuilt/pipa_pipa_terpasang/", "file_as_bu": null, "narasumber": null, "sumber_air": null, "lasteditby": "mustofa", "valid": null, "keterangan": null }, "geometry": { "type": "MultiLineString", "coordinates": [ [ [ 102.426895739657184, -1.467831810514755 ], [ 102.426921475986205, -1.467801139152194 ], [ 102.426995888697306, -1.467804778785528 ], [ 102.427337746174857, -1.467848964416122 ], [ 102.42755810082005, -1.467873330461207 ], [ 102.427522875866302, -1.467624442405141 ], [ 102.427323480888106, -1.466736947282375 ], [ 102.427156730599634, -1.465708557797081 ], [ 102.426153400893028, -1.465773340678756 ], [ 102.426209146895573, -1.464931944261894 ], [ 102.426271651811632, -1.463970659094535 ], [ 102.426362362726238, -1.463101769232474 ], [ 102.425572586180706, -1.463101998867597 ], [ 102.424418873663797, -1.463095781814382 ], [ 102.4239983519102, -1.463084865223556 ], [ 102.423372523200896, -1.463069527812029 ], [ 102.422739224123205, -1.463048377082156 ], [ 102.422181849773295, -1.463006403233415 ], [ 102.421947247864793, -1.463004213086499 ], [ 102.421352012528502, -1.463011949227909 ], [ 102.420705890854293, -1.463005203146605 ], [ 102.419815583255996, -1.463005095454387 ], [ 102.418755872412007, -1.463023024673229 ], [ 102.418047379961095, -1.46301652732598 ], [ 102.417174366304295, -1.463010553762827 ], [ 102.416555441457803, -1.463006691769314 ], [ 102.416080656435298, -1.463014420800665 ], [ 102.415511597532301, -1.463009639215576 ], [ 102.414851879830493, -1.463010835789526 ], [ 102.414103336314795, -1.463013707528826 ], [ 102.413331795931498, -1.463005747683068 ], [ 102.412816968475994, -1.463047828278882 ], [ 102.412175220311198, -1.463097686252359 ], [ 102.411618230957302, -1.463181505703481 ], [ 102.4110072595048, -1.463257204045518 ], [ 102.410422604148593, -1.463334665699085 ], [ 102.409827551950002, -1.463418575451082 ], [ 102.409255615866101, -1.463522231141375 ], [ 102.408461768987195, -1.463610859918122 ], [ 102.407965959936803, -1.463664341233181 ], [ 102.407252345710702, -1.463756381440778 ], [ 102.406825549323798, -1.463813353262665 ], [ 102.406294269803894, -1.463847230706481 ], [ 102.405993187248399, -1.463844602502996 ], [ 102.405728342265704, -1.463803534318977 ], [ 102.405358576622305, -1.463695294332337 ], [ 102.405052931774705, -1.463511964935383 ], [ 102.404790950728, -1.463268892724592 ], [ 102.404597605665202, -1.462976402656984 ], [ 102.404348560964706, -1.462529253599808 ], [ 102.404093878548835, -1.462002540557094 ], [ 102.403986847446319, -1.46179774413262 ], [ 102.403855406535172, -1.461642514794883 ], [ 102.403653814132298, -1.461549659543371 ], [ 102.403200293465702, -1.461526529334867 ], [ 102.402686825522196, -1.461534241242745 ], [ 102.402112611058996, -1.461525004371727 ], [ 102.401607147433296, -1.461552574858074 ], [ 102.401083585789294, -1.461551702734312 ], [ 102.400467184881904, -1.461559827359695 ], [ 102.399776400209703, -1.461583140881813 ], [ 102.398985710480204, -1.461618340208344 ], [ 102.398464040294201, -1.461633363966515 ], [ 102.397711482306093, -1.461633925635492 ], [ 102.396821628245405, -1.461658036257871 ], [ 102.395981567634394, -1.461707262833427 ], [ 102.395440043477706, -1.461703605402703 ] ] ] } },
{ "type": "Feature", "properties": { "id": 237, "diameter": 1.0, "jenis": "PVC", "length": 609.58, "kedalaman": null, "tahun_pasa": null, "tanggal_pa": null, "pelaksana": null, "sumber_dan": null, "jenis_jari": "Distribusi", "as_built_d": "http://192.168.1.4/fotogis/muara_tebo/asbuilt/pipa_pipa_terpasang/", "file_as_bu": null, "narasumber": null, "sumber_air": null, "lasteditby": "mustofa", "valid": null, "keterangan": null }, "geometry": { "type": "MultiLineString", "coordinates": [ [ [ 102.447427070329169, -1.484016870990957 ], [ 102.447162887328716, -1.484057845905568 ], [ 102.446536463348039, -1.484480110319178 ], [ 102.446221182832787, -1.48468839165509 ], [ 102.445823234972494, -1.484922096506772 ], [ 102.445576284794129, -1.485107421389945 ], [ 102.445461346495861, -1.485263005669926 ], [ 102.445342615401245, -1.485569301207863 ], [ 102.445234144277478, -1.485881975538756 ], [ 102.445215757509587, -1.486143109965186 ], [ 102.445322655209409, -1.48661642709319 ], [ 102.445332822432718, -1.486843532198018 ], [ 102.445351354320209, -1.487055352641368 ], [ 102.445466648327695, -1.487375130281659 ], [ 102.446071110423532, -1.488074143857106 ] ] ] } },
{ "type": "Feature", "properties": { "id": 173, "diameter": 4.0, "jenis": "PVC", "length": 495.24, "kedalaman": null, "tahun_pasa": null, "tanggal_pa": null, "pelaksana": null, "sumber_dan": null, "jenis_jari": null, "as_built_d": "http://192.168.1.2/fotogis/asbuilt/pipa_pipa_terpasang/", "file_as_bu": null, "narasumber": null, "sumber_air": null, "lasteditby": "mustofa", "valid": null, "keterangan": null }, "geometry": { "type": "MultiLineString", "coordinates": [ [ [ 102.441579856301104, -1.491132979125732 ], [ 102.441376545387001, -1.491140434305727 ], [ 102.441215624732195, -1.491140454743514 ], [ 102.441009054243196, -1.491128950434641 ], [ 102.440792214111497, -1.491114210325057 ], [ 102.440645992732399, -1.491099295073538 ], [ 102.440507049337498, -1.491081172055 ], [ 102.440322832739596, -1.491067802135353 ], [ 102.4401131094059, -1.491072567391785 ], [ 102.4399279251069, -1.491092326873858 ], [ 102.439764591191604, -1.491124768120083 ], [ 102.439596116023907, -1.491162636465431 ], [ 102.439496463446304, -1.49117946329095 ], [ 102.439338727436393, -1.491205539185451 ], [ 102.439162483464798, -1.491233388915326 ], [ 102.438898491050693, -1.4912684369429 ], [ 102.4386965481456, -1.491314189259683 ], [ 102.438469939995997, -1.491351390322441 ], [ 102.438295814961094, -1.49137751823977 ], [ 102.438099680766697, -1.491382613371275 ], [ 102.437974993119397, -1.491362927271383 ], [ 102.437980776139199, -1.491247045193412 ], [ 102.438004447178301, -1.491063808360278 ], [ 102.438069978015307, -1.490865880202371 ], [ 102.438099110655699, -1.490701493631897 ], [ 102.438106112830994, -1.490565860507011 ] ] ] } },
{ "type": "Feature", "properties": { "id": 113, "diameter": 3.0, "jenis": "PVC", "length": 766.35, "kedalaman": null, "tahun_pasa": null, "tanggal_pa": null, "pelaksana": null, "sumber_dan": null, "jenis_jari": null, "as_built_d": "http://192.168.1.2/fotogis/asbuilt/pipa_pipa_terpasang/", "file_as_bu": null, "narasumber": null, "sumber_air": null, "lasteditby": "mustofa", "valid": null, "keterangan": null }, "geometry": { "type": "MultiLineString", "coordinates": [ [ [ 102.442186971758701, -1.483915057431879 ], [ 102.442027523863302, -1.483907289093032 ], [ 102.442021996311695, -1.483809476639938 ], [ 102.441896010481798, -1.483798422864479 ], [ 102.441749575422307, -1.483785610396228 ], [ 102.441477828626702, -1.483752670964432 ], [ 102.441318230002537, -1.483727826928751 ], [ 102.44125737343137, -1.483718506997883 ], [ 102.44115946672656, -1.483729269353278 ], [ 102.4410730223439, -1.483787354715556 ], [ 102.440954967143369, -1.483994647575512 ], [ 102.440809235101824, -1.484262206399536 ], [ 102.440711580713696, -1.484451605809637 ], [ 102.440464260966223, -1.484938928755926 ], [ 102.440151832803579, -1.485502240066986 ], [ 102.440000122882864, -1.485877224481584 ], [ 102.439916244823081, -1.486307779979303 ], [ 102.439890828305494, -1.486430504518118 ], [ 102.439853585136646, -1.486713048404384 ], [ 102.439839849322411, -1.486907553452917 ], [ 102.439796539017024, -1.487098788257774 ], [ 102.439768778838328, -1.487300377955588 ], [ 102.439737913773371, -1.487366048319943 ], [ 102.439619903040963, -1.487657541387384 ], [ 102.439476240264625, -1.488074289921825 ], [ 102.439300896180455, -1.488446948800514 ], [ 102.43906416783237, -1.488887948127492 ], [ 102.438983601502002, -1.488972551319303 ] ] ] } },
{ "type": "Feature", "properties": { "id": 264, "diameter": 6.0, "jenis": "PVC", "length": 2.38, "kedalaman": null, "tahun_pasa": null, "tanggal_pa": null, "pelaksana": null, "sumber_dan": null, "jenis_jari": "Distribusi", "as_built_d": "http://192.168.1.4/fotogis/muara_tebo/asbuilt/pipa_pipa_terpasang/", "file_as_bu": null, "narasumber": null, "sumber_air": null, "lasteditby": "mustofa", "valid": null, "keterangan": null }, "geometry": { "type": "MultiLineString", "coordinates": [ [ [ 102.444661643871243, -1.480501044275658 ], [ 102.44466673176575, -1.480499437903987 ], [ 102.444677399914269, -1.480493745199873 ], [ 102.444675281321523, -1.480490452557376 ] ] ] } },
{ "type": "Feature", "properties": { "id": 22, "diameter": 2.0, "jenis": "PVC", "length": 80.68, "kedalaman": null, "tahun_pasa": null, "tanggal_pa": null, "pelaksana": null, "sumber_dan": null, "jenis_jari": null, "as_built_d": "http://192.168.1.2/fotogis/asbuilt/pipa_pipa_terpasang/", "file_as_bu": null, "narasumber": null, "sumber_air": null, "lasteditby": "mustofa", "valid": null, "keterangan": null }, "geometry": { "type": "MultiLineString", "coordinates": [ [ [ 102.439261791103917, -1.473449313812775 ], [ 102.439974629627102, -1.473580328354929 ] ] ] } },
{ "type": "Feature", "properties": { "id": 125, "diameter": 3.0, "jenis": "PVC", "length": 292.82, "kedalaman": null, "tahun_pasa": null, "tanggal_pa": null, "pelaksana": null, "sumber_dan": null, "jenis_jari": null, "as_built_d": "http://192.168.1.2/fotogis/asbuilt/pipa_pipa_terpasang/", "file_as_bu": null, "narasumber": null, "sumber_air": null, "lasteditby": "mustofa", "valid": null, "keterangan": null }, "geometry": { "type": "MultiLineString", "coordinates": [ [ [ 102.441695391663828, -1.472745035080998 ], [ 102.44138448530579, -1.472732902149953 ], [ 102.441113010973638, -1.472738968615475 ], [ 102.440946183171775, -1.472832998831078 ], [ 102.440905234529495, -1.473192436913298 ], [ 102.440821820628543, -1.47324096863748 ], [ 102.440708074399993, -1.47324096863748 ], [ 102.440198491296073, -1.473162104585684 ], [ 102.439820853817295, -1.473101439930457 ], [ 102.439617627222276, -1.473081723917508 ], [ 102.43943601241071, -1.47307300337332 ] ] ] } },
{ "type": "Feature", "properties": { "id": 21, "diameter": 2.0, "jenis": "PVC", "length": 174.27, "kedalaman": null, "tahun_pasa": null, "tanggal_pa": null, "pelaksana": null, "sumber_dan": null, "jenis_jari": null, "as_built_d": "http://192.168.1.2/fotogis/asbuilt/pipa_pipa_terpasang/", "file_as_bu": null, "narasumber": null, "sumber_air": null, "lasteditby": "mustofa", "valid": null, "keterangan": null }, "geometry": { "type": "MultiLineString", "coordinates": [ [ [ 102.439389186879936, -1.473072434642177 ], [ 102.439323214067386, -1.473284760935472 ], [ 102.439261791103917, -1.473450830429156 ], [ 102.439181410435751, -1.473676047961686 ], [ 102.439100271459395, -1.473920223198975 ], [ 102.439049464810623, -1.474062785138759 ], [ 102.439306531287158, -1.474079467918946 ], [ 102.439438476912287, -1.474083259459898 ], [ 102.439565872688263, -1.474099183931895 ] ] ] } },
{ "type": "Feature", "properties": { "id": 23, "diameter": 2.0, "jenis": "PVC", "length": 152.14, "kedalaman": null, "tahun_pasa": null, "tanggal_pa": null, "pelaksana": null, "sumber_dan": null, "jenis_jari": null, "as_built_d": "http://192.168.1.2/fotogis/asbuilt/pipa_pipa_terpasang/", "file_as_bu": null, "narasumber": null, "sumber_air": null, "lasteditby": "mustofa", "valid": null, "keterangan": null }, "geometry": { "type": "MultiLineString", "coordinates": [ [ [ 102.439435064525455, -1.473072813796272 ], [ 102.439260274487609, -1.473068643101225 ], [ 102.439072214056424, -1.473080776032271 ], [ 102.438886428549793, -1.473119449749978 ], [ 102.438719600747916, -1.473217271506531 ], [ 102.438676377181068, -1.473366658220028 ], [ 102.438658724888896, -1.473493982333158 ], [ 102.438634796209399, -1.473707504688882 ], [ 102.438644084316806, -1.473828252940783 ] ] ] } },
{ "type": "Feature", "properties": { "id": 31, "diameter": 2.0, "jenis": "PVC", "length": 92.64, "kedalaman": null, "tahun_pasa": null, "tanggal_pa": null, "pelaksana": null, "sumber_dan": null, "jenis_jari": null, "as_built_d": "http://192.168.1.2/fotogis/asbuilt/pipa_pipa_terpasang/", "file_as_bu": null, "narasumber": null, "sumber_air": null, "lasteditby": "mustofa", "valid": null, "keterangan": null }, "geometry": { "type": "MultiLineString", "coordinates": [ [ [ 102.430271952718755, -1.467417825255371 ], [ 102.431032575385402, -1.467755406962496 ] ] ] } },
{ "type": "Feature", "properties": { "id": 91, "diameter": 2.0, "jenis": "PVC", "length": 828.68, "kedalaman": null, "tahun_pasa": null, "tanggal_pa": null, "pelaksana": null, "sumber_dan": null, "jenis_jari": null, "as_built_d": "http://192.168.1.2/fotogis/asbuilt/pipa_pipa_terpasang/", "file_as_bu": null, "narasumber": null, "sumber_air": null, "lasteditby": "mustofa", "valid": null, "keterangan": null }, "geometry": { "type": "MultiLineString", "coordinates": [ [ [ 102.460284760951978, -1.491583360590005 ], [ 102.460290031303231, -1.491596680576884 ], [ 102.460311818675592, -1.491621163736413 ], [ 102.460438451808912, -1.491687786623031 ], [ 102.460590113405914, -1.49175896373698 ], [ 102.460790107903534, -1.491832949418747 ], [ 102.460937928363464, -1.491913845453573 ], [ 102.461084890371467, -1.491998335167561 ], [ 102.461286514186483, -1.492090944032391 ], [ 102.461538930179699, -1.492147441988289 ], [ 102.461796918459697, -1.49221400815531 ], [ 102.461965166593018, -1.492260276973035 ], [ 102.462136702908481, -1.492303912395867 ], [ 102.462245822857824, -1.492317822799662 ], [ 102.462330048756826, -1.492342121157467 ], [ 102.462455725695122, -1.492371003026055 ], [ 102.462554835472446, -1.492404554936285 ], [ 102.462714979756399, -1.492438631309681 ], [ 102.462887665774929, -1.492455190409852 ], [ 102.463003871250265, -1.492469653768564 ], [ 102.463174273164142, -1.492473511262719 ], [ 102.463440841951694, -1.492472443293276 ], [ 102.463618443290002, -1.492453669684896 ], [ 102.463898738101506, -1.492388587529279 ], [ 102.464146770038596, -1.492280143580681 ], [ 102.464340784565493, -1.492191242243974 ], [ 102.464547100433194, -1.49205957809154 ], [ 102.464655861333995, -1.491986094277808 ], [ 102.464820669445913, -1.491880265593821 ], [ 102.464911822055058, -1.491796054996306 ], [ 102.464964462516804, -1.491714040916981 ], [ 102.465145429668837, -1.491503513895394 ], [ 102.465236437707986, -1.491337215877965 ], [ 102.465346651432498, -1.491122323256141 ], [ 102.465438199236331, -1.490828136480741 ], [ 102.46552949958226, -1.490544527078151 ], [ 102.465696341586735, -1.490132331392712 ], [ 102.465725413929761, -1.489888179120307 ], [ 102.465748608488937, -1.489630466789953 ], [ 102.46575584069609, -1.489525449681458 ] ] ] } },
{ "type": "Feature", "properties": { "id": 222, "diameter": 10.0, "jenis": "HDPE", "length": 7159.84, "kedalaman": 1200.0, "tahun_pasa": null, "tanggal_pa": null, "pelaksana": null, "sumber_dan": "APBN", "jenis_jari": "Distribusi", "as_built_d": "http://192.168.1.4/fotogis/muara_tebo/asbuilt/pipa_pipa_terpasang/", "file_as_bu": null, "narasumber": null, "sumber_air": null, "lasteditby": "mustofa", "valid": null, "keterangan": null }, "geometry": { "type": "MultiLineString", "coordinates": [ [ [ 102.444697620616139, -1.480546108140702 ], [ 102.444663945638979, -1.480495969127269 ], [ 102.444675281321523, -1.480490452557376 ], [ 102.444708946857006, -1.480477845470872 ], [ 102.444782617254816, -1.480442575115697 ], [ 102.444979483572482, -1.480668828380291 ], [ 102.444980278047353, -1.48066983430552 ], [ 102.445157350339514, -1.480874787334126 ], [ 102.445842448903676, -1.480309160999141 ], [ 102.446648176959656, -1.479790263117778 ], [ 102.446740643340064, -1.479741591501557 ], [ 102.446835886301599, -1.479690231500544 ], [ 102.447500126083426, -1.479302980819087 ], [ 102.447692401702241, -1.4791947091114 ], [ 102.447765205091898, -1.478873627495501 ], [ 102.447824007829695, -1.478741087991264 ], [ 102.447932279537383, -1.478780289816461 ], [ 102.448442836641703, -1.477418493079262 ], [ 102.449626358411933, -1.474088204691102 ], [ 102.449749564148277, -1.473696186439133 ], [ 102.449798099741386, -1.473438574444982 ], [ 102.44983170130584, -1.47285614732777 ], [ 102.449827967798669, -1.4724641290758 ], [ 102.449738363626793, -1.472172915517195 ], [ 102.449454617082509, -1.471429947592033 ], [ 102.449331411346193, -1.470720581231327 ], [ 102.449200738595536, -1.469339183581529 ], [ 102.448451237032856, -1.465374665664291 ], [ 102.447175777648738, -1.465622943890538 ], [ 102.445686108291255, -1.465759216901937 ], [ 102.445387427718344, -1.465761083655518 ], [ 102.444463384695837, -1.465548273747306 ], [ 102.443759618595877, -1.465423201257392 ], [ 102.44333026527228, -1.465393333200099 ], [ 102.442589164100696, -1.465525872704336 ], [ 102.442001136722737, -1.465669612730058 ], [ 102.440989356281932, -1.465654678701412 ], [ 102.440520801133147, -1.465699480787351 ], [ 102.44018105198144, -1.465807752495038 ], [ 102.438721250681255, -1.466754196560507 ], [ 102.433216194371454, -1.463117760585095 ], [ 102.432704703890309, -1.462979620820115 ], [ 102.429654428539266, -1.462936685487756 ], [ 102.425993724767309, -1.462865748851686 ], [ 102.420841484884292, -1.462746276622514 ], [ 102.417370394350911, -1.462742927426046 ], [ 102.416732098325156, -1.462774336680498 ], [ 102.414953744430662, -1.462773973446165 ], [ 102.413803527500932, -1.462780100707288 ], [ 102.412667793488509, -1.462839848471413 ], [ 102.410774082822982, -1.463091626034964 ], [ 102.408793457273731, -1.463328703739726 ], [ 102.406631756627164, -1.46352284611213 ], [ 102.406100175413144, -1.463572968048131 ], [ 102.405594308318371, -1.463513941666446 ], [ 102.405398167851459, -1.463427817716029 ], [ 102.405026666401625, -1.463159449047114 ], [ 102.40475452430745, -1.462852637273247 ], [ 102.404517653145007, -1.462371535206787 ] ] ] } },
{ "type": "Feature", "properties": { "id": 127, "diameter": 3.0, "jenis": "PVC", "length": 216.51, "kedalaman": null, "tahun_pasa": null, "tanggal_pa": null, "pelaksana": null, "sumber_dan": null, "jenis_jari": null, "as_built_d": "http://192.168.1.2/fotogis/asbuilt/pipa_pipa_terpasang/", "file_as_bu": null, "narasumber": null, "sumber_air": null, "lasteditby": "mustofa", "valid": null, "keterangan": null }, "geometry": { "type": "MultiLineString", "coordinates": [ [ [ 102.445182783641584, -1.480894299244319 ], [ 102.445240458540979, -1.480843844911701 ], [ 102.445308767100101, -1.480787826740858 ], [ 102.445547502287553, -1.480582526279238 ], [ 102.44566353036933, -1.4804787781638 ], [ 102.445933579969093, -1.480281858478611 ], [ 102.446314403562837, -1.480027058783853 ], [ 102.446504567712168, -1.479914058962075 ], [ 102.446632999798467, -1.479834232142752 ], [ 102.446612720608002, -1.479801342487887 ], [ 102.446647653950194, -1.479779845228306 ], [ 102.446683172884093, -1.479760619804821 ], [ 102.446705508695061, -1.479751030030366 ] ] ] } },
{ "type": "Feature", "properties": { "id": 230, "diameter": 10.0, "jenis": "GI", "length": 206.56, "kedalaman": null, "tahun_pasa": null, "tanggal_pa": null, "pelaksana": null, "sumber_dan": null, "jenis_jari": null, "as_built_d": "http://192.168.1.4/fotogis/muara_tebo/asbuilt/pipa_pipa_terpasang/", "file_as_bu": null, "narasumber": null, "sumber_air": null, "lasteditby": "mustofa", "valid": null, "keterangan": null }, "geometry": { "type": "MultiLineString", "coordinates": [ [ [ 102.446101299284592, -1.481433091384299 ], [ 102.445650346697747, -1.480842874027988 ], [ 102.445269026495623, -1.481167825156744 ], [ 102.445051471923819, -1.480912506125657 ], [ 102.4448711271543, -1.480703609258521 ] ] ] } },
{ "type": "Feature", "properties": { "id": 265, "diameter": 6.0, "jenis": "GI", "length": 98.77, "kedalaman": null, "tahun_pasa": null, "tanggal_pa": null, "pelaksana": null, "sumber_dan": null, "jenis_jari": "Transmisi", "as_built_d": "http://192.168.1.4/fotogis/muara_tebo/asbuilt/pipa_pipa_terpasang/", "file_as_bu": null, "narasumber": null, "sumber_air": null, "lasteditby": "mustofa", "valid": null, "keterangan": null }, "geometry": { "type": "MultiLineString", "coordinates": [ [ [ 102.444561435459448, -1.480578365208804 ], [ 102.444554017008485, -1.480564186995818 ], [ 102.444778262564398, -1.480458075798968 ], [ 102.445126840823917, -1.480855098002765 ], [ 102.445051471923819, -1.480912506125657 ] ] ] } },
{ "type": "Feature", "properties": { "id": 231, "diameter": 8.0, "jenis": "GI", "length": 26.85, "kedalaman": null, "tahun_pasa": null, "tanggal_pa": null, "pelaksana": null, "sumber_dan": null, "jenis_jari": null, "as_built_d": "http://192.168.1.4/fotogis/muara_tebo/asbuilt/pipa_pipa_terpasang/", "file_as_bu": null, "narasumber": null, "sumber_air": null, "lasteditby": "mustofa", "valid": null, "keterangan": null }, "geometry": { "type": "MultiLineString", "coordinates": [ [ [ 102.444904285432742, -1.480418448063898 ], [ 102.444876929853038, -1.480658016625659 ] ] ] } },
{ "type": "Feature", "properties": { "id": 233, "diameter": 3.0, "jenis": "PVC", "length": 222.27, "kedalaman": null, "tahun_pasa": null, "tanggal_pa": null, "pelaksana": null, "sumber_dan": "PDAM", "jenis_jari": "Distribusi", "as_built_d": "http://192.168.1.4/fotogis/muara_tebo/asbuilt/pipa_pipa_terpasang/", "file_as_bu": null, "narasumber": null, "sumber_air": null, "lasteditby": "mustofa", "valid": null, "keterangan": null }, "geometry": { "type": "MultiLineString", "coordinates": [ [ [ 102.402569166216367, -1.46153175620153 ], [ 102.402490080992322, -1.461948263516996 ], [ 102.402444490092336, -1.462574219553952 ], [ 102.402407748385713, -1.46279448080432 ], [ 102.402273468710163, -1.463100292116173 ], [ 102.402083616613922, -1.463437804501262 ] ] ] } },
{ "type": "Feature", "properties": { "id": 232, "diameter": 8.0, "jenis": "GI", "length": 10.87, "kedalaman": null, "tahun_pasa": null, "tanggal_pa": null, "pelaksana": null, "sumber_dan": null, "jenis_jari": null, "as_built_d": "http://192.168.1.4/fotogis/muara_tebo/asbuilt/pipa_pipa_terpasang/", "file_as_bu": null, "narasumber": null, "sumber_air": null, "lasteditby": "mustofa", "valid": null, "keterangan": null }, "geometry": { "type": "MultiLineString", "coordinates": [ [ [ 102.444881903594805, -1.480671279937037 ], [ 102.444967223455521, -1.480669597821017 ], [ 102.444979483572482, -1.480668828380291 ] ] ] } },
{ "type": "Feature", "properties": { "id": 234, "diameter": 2.0, "jenis": "PVC", "length": 244.43, "kedalaman": null, "tahun_pasa": null, "tanggal_pa": null, "pelaksana": null, "sumber_dan": null, "jenis_jari": "Distribusi", "as_built_d": "http://192.168.1.4/fotogis/muara_tebo/asbuilt/pipa_pipa_terpasang/", "file_as_bu": null, "narasumber": null, "sumber_air": null, "lasteditby": "mustofa", "valid": null, "keterangan": null }, "geometry": { "type": "MultiLineString", "coordinates": [ [ [ 102.402077725027112, -1.463437153030218 ], [ 102.401945327845823, -1.463684453739907 ], [ 102.401828304540942, -1.463867395832013 ], [ 102.401741767560381, -1.463998660155935 ], [ 102.401297129399126, -1.464331624316916 ], [ 102.401086383772139, -1.464483674293207 ], [ 102.400510206737309, -1.46404339418872 ] ] ] } },
{ "type": "Feature", "properties": { "id": 121, "diameter": 3.0, "jenis": "PVC", "length": 368.79, "kedalaman": null, "tahun_pasa": null, "tanggal_pa": null, "pelaksana": null, "sumber_dan": null, "jenis_jari": null, "as_built_d": "http://192.168.1.2/fotogis/asbuilt/pipa_pipa_terpasang/", "file_as_bu": null, "narasumber": null, "sumber_air": null, "lasteditby": "mustofa", "valid": null, "keterangan": null }, "geometry": { "type": "MultiLineString", "coordinates": [ [ [ 102.4490593407631, -1.47996549762325 ], [ 102.449077823894498, -1.479961800429254 ], [ 102.449043926001295, -1.479779116795064 ], [ 102.448998407652695, -1.47953360401281 ], [ 102.448970007039605, -1.479398283697564 ], [ 102.448904515666499, -1.479257231109761 ], [ 102.4488442107004, -1.479129904542024 ], [ 102.448711289750804, -1.478987674441055 ], [ 102.448598248616804, -1.478923307075557 ], [ 102.448436913409168, -1.478904973738553 ], [ 102.448405266834101, -1.478901402764457 ], [ 102.4481599469907, -1.478977126169563 ], [ 102.447916614517396, -1.479109744213357 ], [ 102.447777563813005, -1.479179751150745 ], [ 102.447709499564795, -1.47921526125175 ], [ 102.447641063235196, -1.47924804547734 ], [ 102.447434432805593, -1.479364125565049 ], [ 102.447170643848096, -1.479507263814425 ], [ 102.446949174294303, -1.479625958947895 ], [ 102.446705508695061, -1.479751030030366 ], [ 102.446705508695061, -1.479751030030366 ], [ 102.446705508695061, -1.479751030030366 ] ] ] } },
{ "type": "Feature", "properties": { "id": 268, "diameter": 1.5, "jenis": "PVC", "length": 208.55, "kedalaman": null, "tahun_pasa": null, "tanggal_pa": null, "pelaksana": null, "sumber_dan": null, "jenis_jari": "Distribusi", "as_built_d": "http://192.168.1.4/fotogis/muara_tebo/asbuilt/pipa_pipa_terpasang/", "file_as_bu": null, "narasumber": null, "sumber_air": null, "lasteditby": "mustofa", "valid": null, "keterangan": null }, "geometry": { "type": "MultiLineString", "coordinates": [ [ [ 102.447965897421838, -1.487313548218512 ], [ 102.448085492911659, -1.487326542131272 ], [ 102.448207765589601, -1.487329918955489 ], [ 102.448266268533672, -1.487328319185449 ], [ 102.448326240923706, -1.487330109429895 ], [ 102.448390272361351, -1.487351483141668 ], [ 102.448488581725854, -1.48740269795069 ], [ 102.448594238320098, -1.487470862832144 ], [ 102.448695981492321, -1.487507702924522 ], [ 102.448797536301356, -1.487475360867678 ], [ 102.448877703152732, -1.487480075758155 ], [ 102.449087809654699, -1.487535583882433 ], [ 102.44919653652056, -1.487571812980787 ], [ 102.449387379298102, -1.487661846489825 ], [ 102.449418412836039, -1.487681415711277 ], [ 102.449453141885471, -1.4877030073336 ], [ 102.449498390268616, -1.487710777194196 ], [ 102.449702910237946, -1.487729242617022 ], [ 102.449743139289197, -1.48771985874051 ] ] ] } },
{ "type": "Feature", "properties": { "id": 76, "diameter": 2.0, "jenis": "PVC", "length": 1219.85, "kedalaman": null, "tahun_pasa": null, "tanggal_pa": null, "pelaksana": null, "sumber_dan": null, "jenis_jari": null, "as_built_d": "http://192.168.1.2/fotogis/asbuilt/pipa_pipa_terpasang/", "file_as_bu": null, "narasumber": null, "sumber_air": null, "lasteditby": "mustofa", "valid": null, "keterangan": null }, "geometry": { "type": "MultiLineString", "coordinates": [ [ [ 102.449612996499908, -1.482041735487531 ], [ 102.4496265756421, -1.482082790282973 ], [ 102.449673055509194, -1.482195286399354 ], [ 102.449723541340504, -1.482276779394434 ], [ 102.449808093652294, -1.482305933290851 ], [ 102.449991170970193, -1.482298056067352 ], [ 102.450257129532702, -1.482251536014319 ], [ 102.450521455285894, -1.482137965555098 ], [ 102.450928135370205, -1.481969182452449 ], [ 102.451065811305398, -1.481916973142733 ], [ 102.451409915519307, -1.481789390528745 ], [ 102.451906955408106, -1.481627379854317 ], [ 102.452339278722505, -1.481482703492073 ], [ 102.452639481624203, -1.481395575187877 ], [ 102.453005435501794, -1.481295561106046 ], [ 102.453441610938299, -1.481161553066082 ], [ 102.453925996590741, -1.480990684088614 ], [ 102.454439154441857, -1.480818585920996 ], [ 102.455005936150172, -1.480631016386226 ], [ 102.455484071380241, -1.480465216267182 ], [ 102.455821201258303, -1.480370575129687 ], [ 102.456094019478897, -1.480278182117632 ], [ 102.456354196250444, -1.480134684859089 ], [ 102.456466218300136, -1.480072062750698 ], [ 102.456721074198157, -1.479806140290239 ], [ 102.457014058491595, -1.479462049880537 ], [ 102.457386598780303, -1.479005611379112 ], [ 102.457908634228204, -1.478385470290501 ], [ 102.458344468982702, -1.477894999254835 ], [ 102.45880020935175, -1.477381483930325 ] ] ] } },
{ "type": "Feature", "properties": { "id": 138, "diameter": 3.0, "jenis": "PVC", "length": 2661.99, "kedalaman": null, "tahun_pasa": null, "tanggal_pa": null, "pelaksana": null, "sumber_dan": null, "jenis_jari": null, "as_built_d": "http://192.168.1.2/fotogis/asbuilt/pipa_pipa_terpasang/", "file_as_bu": null, "narasumber": null, "sumber_air": null, "lasteditby": "mustofa", "valid": null, "keterangan": null }, "geometry": { "type": "MultiLineString", "coordinates": [ [ [ 102.449568330178295, -1.482051548150612 ], [ 102.449612996499908, -1.482041735487531 ], [ 102.449624050930595, -1.482039182345317 ], [ 102.449611374198994, -1.482003086444702 ], [ 102.449538500203502, -1.482014985367161 ], [ 102.449395301192595, -1.482038268389493 ], [ 102.449381119143496, -1.48224151733417 ], [ 102.449390257202893, -1.482397092288417 ], [ 102.449414872240098, -1.482462094681648 ], [ 102.449451867886197, -1.482494841944115 ], [ 102.449467914671402, -1.482509321104262 ], [ 102.449525009279597, -1.48253798940362 ], [ 102.449547262519999, -1.482547710604694 ], [ 102.449815208226099, -1.482473810549475 ], [ 102.450003773523903, -1.482461233410681 ], [ 102.450312257637506, -1.482399020144994 ], [ 102.450655576650306, -1.482272824713252 ], [ 102.450707543529205, -1.482252495795301 ], [ 102.451083276873106, -1.482096166598629 ], [ 102.451722006305701, -1.481887470434462 ], [ 102.452376630954106, -1.481652012852569 ], [ 102.4530581096828, -1.481456114609424 ], [ 102.453124597469696, -1.481434599601429 ], [ 102.4535604190784, -1.481304324163752 ], [ 102.454276065083306, -1.481059543829194 ], [ 102.454820549920498, -1.48088264565488 ], [ 102.455877454463405, -1.480518195787014 ], [ 102.456693756123599, -1.480059180963981 ], [ 102.457429224821396, -1.47920296242425 ], [ 102.458061349743801, -1.478454544992432 ], [ 102.458742636040995, -1.477678684518224 ], [ 102.459287946779597, -1.477070668474419 ], [ 102.459854772449603, -1.476405825614943 ], [ 102.460232052177801, -1.475696368591212 ], [ 102.460583633551806, -1.474804736293698 ], [ 102.460570127762097, -1.47451945864507 ], [ 102.460517154203899, -1.473650874033091 ], [ 102.460416295100998, -1.472947101853737 ], [ 102.460305520331104, -1.4721935807875 ], [ 102.460198372483902, -1.471528069273994 ], [ 102.460157101689703, -1.471131483766453 ], [ 102.460124319214401, -1.470857594525978 ], [ 102.460109461418099, -1.470238793000667 ], [ 102.460196115325601, -1.468395738180687 ], [ 102.460261400607706, -1.466020180800937 ] ] ] } },
{ "type": "Feature", "properties": { "id": 74, "diameter": 2.0, "jenis": "PVC", "length": 218.69, "kedalaman": null, "tahun_pasa": null, "tanggal_pa": null, "pelaksana": null, "sumber_dan": null, "jenis_jari": null, "as_built_d": "http://192.168.1.2/fotogis/asbuilt/pipa_pipa_terpasang/", "file_as_bu": null, "narasumber": null, "sumber_air": null, "lasteditby": "mustofa", "valid": null, "keterangan": null }, "geometry": { "type": "MultiLineString", "coordinates": [ [ [ 102.448548303288348, -1.465820539668592 ], [ 102.448467263245604, -1.465391244556577 ], [ 102.448384122545207, -1.465109696156254 ], [ 102.448281286403102, -1.464832722471226 ], [ 102.4482077165584, -1.464644988332406 ], [ 102.447981403572044, -1.464231251008606 ], [ 102.447827676910919, -1.464015608171969 ] ] ] } },
{ "type": "Feature", "properties": { "id": 66, "diameter": 2.0, "jenis": "PVC", "length": 231.32, "kedalaman": null, "tahun_pasa": null, "tanggal_pa": null, "pelaksana": null, "sumber_dan": null, "jenis_jari": null, "as_built_d": "http://192.168.1.2/fotogis/asbuilt/pipa_pipa_terpasang/", "file_as_bu": null, "narasumber": null, "sumber_air": null, "lasteditby": "mustofa", "valid": null, "keterangan": null }, "geometry": { "type": "MultiLineString", "coordinates": [ [ [ 102.448715607030479, -1.478675390954633 ], [ 102.448884861851653, -1.47859325796024 ], [ 102.449047891664378, -1.478521076821782 ], [ 102.449174830907879, -1.478472541228681 ], [ 102.449355283754016, -1.478438939664226 ], [ 102.449381764936916, -1.478454146136586 ], [ 102.449428709394866, -1.478481252745391 ], [ 102.449517069064356, -1.478533521845654 ], [ 102.449592983709977, -1.47863308203663 ], [ 102.449653964326941, -1.478736375734769 ], [ 102.449692320013895, -1.478949946471999 ], [ 102.449726220136199, -1.479115753347617 ], [ 102.449722280258499, -1.479461892230489 ], [ 102.449639153493905, -1.479672851692899 ] ] ] } },
{ "type": "Feature", "properties": { "id": 126, "diameter": 3.0, "jenis": "PVC", "length": 451.87, "kedalaman": null, "tahun_pasa": null, "tanggal_pa": null, "pelaksana": null, "sumber_dan": null, "jenis_jari": null, "as_built_d": "http://192.168.1.2/fotogis/asbuilt/pipa_pipa_terpasang/", "file_as_bu": null, "narasumber": null, "sumber_air": null, "lasteditby": "mustofa", "valid": null, "keterangan": null }, "geometry": { "type": "MultiLineString", "coordinates": [ [ [ 102.438826836446978, -1.46677994974297 ], [ 102.439043679733899, -1.466625618944768 ], [ 102.439615056029865, -1.466258521493804 ], [ 102.440097528958105, -1.465957885080545 ], [ 102.440517688248704, -1.465775761561104 ], [ 102.440934615055141, -1.465741304141251 ], [ 102.441562711280099, -1.465745136814182 ], [ 102.442055221933543, -1.465765410171601 ], [ 102.442482054762934, -1.46563953977149 ], [ 102.442571037572932, -1.465627301588705 ], [ 102.442584124560213, -1.465628073973811 ] ] ] } },
{ "type": "Feature", "properties": { "id": 273, "diameter": 2.0, "jenis": "PVC", "length": 100.99, "kedalaman": null, "tahun_pasa": null, "tanggal_pa": null, "pelaksana": null, "sumber_dan": null, "jenis_jari": null, "as_built_d": "http://192.168.1.4/fotogis/muara_tebo/asbuilt/pipa_pipa_terpasang/", "file_as_bu": null, "narasumber": null, "sumber_air": null, "lasteditby": "mustofa", "valid": null, "keterangan": null }, "geometry": { "type": "MultiLineString", "coordinates": [ [ [ 102.367670426554696, -1.468644315102878 ], [ 102.368577102835559, -1.468675190072615 ] ] ] } },
{ "type": "Feature", "properties": { "id": 157, "diameter": 3.0, "jenis": "PVC", "length": 679.39, "kedalaman": null, "tahun_pasa": null, "tanggal_pa": null, "pelaksana": null, "sumber_dan": null, "jenis_jari": null, "as_built_d": "http://192.168.1.2/fotogis/asbuilt/pipa_pipa_terpasang/", "file_as_bu": null, "narasumber": null, "sumber_air": null, "lasteditby": "mustofa", "valid": null, "keterangan": null }, "geometry": { "type": "MultiLineString", "coordinates": [ [ [ 102.422070408264702, -1.463004175974066 ], [ 102.422013619664739, -1.463149495755346 ], [ 102.421892284468612, -1.463339776001934 ], [ 102.421751549969798, -1.46355475056102 ], [ 102.421630322109436, -1.463713400413476 ], [ 102.421489391690756, -1.463909706974915 ], [ 102.421412917624679, -1.464021321827536 ], [ 102.421332913120835, -1.464141869463474 ], [ 102.421273859113853, -1.464239024393351 ], [ 102.421226341103051, -1.464336607372678 ], [ 102.421189752577277, -1.464460543194423 ], [ 102.421122299878562, -1.464625986876572 ], [ 102.421055167893527, -1.464811524956662 ], [ 102.420979103125177, -1.464993532599009 ], [ 102.42088977270474, -1.465188199382242 ], [ 102.420823746406327, -1.465353518270536 ], [ 102.420777101305703, -1.465518578842077 ], [ 102.42077113609416, -1.465614682400041 ], [ 102.420771990252589, -1.465764088778172 ], [ 102.420822437684976, -1.46598749015655 ], [ 102.420921105011942, -1.466326688922146 ], [ 102.420927951215901, -1.466372084143777 ], [ 102.421042753159966, -1.466846416555539 ], [ 102.421072500976791, -1.466981077860227 ], [ 102.421048136813951, -1.467059275029769 ], [ 102.42104803143576, -1.467059289863689 ], [ 102.420990268376599, -1.467067130987296 ], [ 102.420947615356695, -1.467066865062297 ], [ 102.420855351478806, -1.467070803829428 ], [ 102.420583366972096, -1.467082447877443 ], [ 102.420355196593277, -1.467086599697207 ], [ 102.42012740059603, -1.467095030717848 ], [ 102.419927508635325, -1.467093833859924 ], [ 102.419693811117043, -1.467084096058337 ], [ 102.41944987920904, -1.467072379013151 ], [ 102.419377935225171, -1.467071486704451 ] ] ] } },
{ "type": "Feature", "properties": { "id": 225, "diameter": 6.0, "jenis": "HDPE", "length": 821.94, "kedalaman": 100.0, "tahun_pasa": 2022, "tanggal_pa": null, "pelaksana": null, "sumber_dan": "APBN", "jenis_jari": "Distribusi", "as_built_d": "http://192.168.1.4/fotogis/muara_tebo/asbuilt/pipa_pipa_terpasang/", "file_as_bu": null, "narasumber": null, "sumber_air": null, "lasteditby": "mustofa", "valid": null, "keterangan": null }, "geometry": { "type": "MultiLineString", "coordinates": [ [ [ 102.441818554710466, -1.46946067245055 ], [ 102.441825946678918, -1.469460883125111 ], [ 102.44182494707421, -1.469445537595174 ], [ 102.441825344895008, -1.469442244715961 ], [ 102.441825208816724, -1.469436769338063 ], [ 102.441817580716915, -1.469437779665521 ], [ 102.441580183789966, -1.469472656462549 ], [ 102.44159815606865, -1.469869341907669 ], [ 102.44044342496008, -1.470274805002093 ], [ 102.440485161937318, -1.470536448775355 ], [ 102.439828702242806, -1.470766316694049 ], [ 102.439136136664345, -1.470803651765665 ], [ 102.438766519455342, -1.470837253330119 ], [ 102.437278716851424, -1.470924990748417 ], [ 102.435545436151642, -1.470930591009159 ], [ 102.43531115857725, -1.470933391139531 ] ] ] } },
{ "type": "Feature", "properties": { "id": 269, "diameter": 2.0, "jenis": "PVC", "length": 326.75, "kedalaman": null, "tahun_pasa": null, "tanggal_pa": null, "pelaksana": null, "sumber_dan": null, "jenis_jari": "Distribusi", "as_built_d": "http://192.168.1.4/fotogis/muara_tebo/asbuilt/pipa_pipa_terpasang/", "file_as_bu": null, "narasumber": null, "sumber_air": null, "lasteditby": "mustofa", "valid": null, "keterangan": null }, "geometry": { "type": "MultiLineString", "coordinates": [ [ [ 102.367674250778066, -1.468569940663722 ], [ 102.367673694611668, -1.468642307327659 ], [ 102.367461720953372, -1.468640190332389 ], [ 102.367415851186905, -1.469572284489869 ], [ 102.369133042779467, -1.469597679134789 ] ] ] } },
{ "type": "Feature", "properties": { "id": 270, "diameter": 2.0, "jenis": "HDPE", "length": 17.62, "kedalaman": null, "tahun_pasa": null, "tanggal_pa": null, "pelaksana": null, "sumber_dan": null, "jenis_jari": null, "as_built_d": "http://192.168.1.4/fotogis/muara_tebo/asbuilt/pipa_pipa_terpasang/", "file_as_bu": null, "narasumber": null, "sumber_air": null, "lasteditby": "mustofa", "valid": null, "keterangan": null }, "geometry": { "type": "MultiLineString", "coordinates": [ [ [ 102.367488002510171, -1.469727826651171 ], [ 102.367500029797014, -1.469570085387609 ] ] ] } },
{ "type": "Feature", "properties": { "id": 80, "diameter": 2.0, "jenis": "PVC", "length": 505.41, "kedalaman": null, "tahun_pasa": null, "tanggal_pa": null, "pelaksana": null, "sumber_dan": null, "jenis_jari": null, "as_built_d": "http://192.168.1.2/fotogis/asbuilt/pipa_pipa_terpasang/", "file_as_bu": null, "narasumber": null, "sumber_air": null, "lasteditby": "sri", "valid": null, "keterangan": null }, "geometry": { "type": "MultiLineString", "coordinates": [ [ [ 102.359779795493949, -1.472081644868554 ], [ 102.359871664061956, -1.472261098812788 ], [ 102.359964839992074, -1.472522465866236 ], [ 102.3600235308637, -1.472741768430896 ], [ 102.360134822579795, -1.473022432634894 ], [ 102.36024309753131, -1.47330693418912 ], [ 102.360111328801906, -1.473367430191484 ], [ 102.359924900451432, -1.473445489546946 ], [ 102.359667219380583, -1.473567457284378 ], [ 102.359543259168476, -1.473621123086732 ], [ 102.359575469302328, -1.473696255207855 ], [ 102.359658434798618, -1.473884573370442 ], [ 102.359752137006183, -1.474095333574969 ], [ 102.359843887084438, -1.474306093759546 ], [ 102.359933685033369, -1.474502217802271 ], [ 102.359995177107081, -1.474647603275526 ], [ 102.360088879314674, -1.474869096562162 ], [ 102.360197222492175, -1.475128643733429 ], [ 102.360312398122332, -1.475392093838712 ], [ 102.360395363618665, -1.47558431482177 ], [ 102.360462712080349, -1.475717015592259 ], [ 102.360532988736026, -1.475872158394776 ] ] ] } },
{ "type": "Feature", "properties": { "id": 274, "diameter": 1.0, "jenis": "PVC", "length": 28.79, "kedalaman": null, "tahun_pasa": null, "tanggal_pa": null, "pelaksana": null, "sumber_dan": null, "jenis_jari": null, "as_built_d": "http://192.168.1.4/fotogis/muara_tebo/asbuilt/pipa_pipa_terpasang/", "file_as_bu": null, "narasumber": null, "sumber_air": null, "lasteditby": "mustofa", "valid": null, "keterangan": null }, "geometry": { "type": "MultiLineString", "coordinates": [ [ [ 102.453342442032678, -1.482261244687741 ], [ 102.453317787572303, -1.482290626729461 ], [ 102.453335386681843, -1.482510090402101 ] ] ] } },
{ "type": "Feature", "properties": { "id": 271, "diameter": 2.0, "jenis": "PVC", "length": 204.23, "kedalaman": null, "tahun_pasa": null, "tanggal_pa": null, "pelaksana": null, "sumber_dan": null, "jenis_jari": null, "as_built_d": "http://192.168.1.4/fotogis/muara_tebo/asbuilt/pipa_pipa_terpasang/", "file_as_bu": null, "narasumber": null, "sumber_air": null, "lasteditby": "mustofa", "valid": null, "keterangan": null }, "geometry": { "type": "MultiLineString", "coordinates": [ [ [ 102.367432686445426, -1.469233327569088 ], [ 102.369267121421757, -1.469260517748001 ] ] ] } },
{ "type": "Feature", "properties": { "id": 272, "diameter": 2.0, "jenis": "PVC", "length": 124.35, "kedalaman": null, "tahun_pasa": null, "tanggal_pa": null, "pelaksana": null, "sumber_dan": null, "jenis_jari": null, "as_built_d": "http://192.168.1.4/fotogis/muara_tebo/asbuilt/pipa_pipa_terpasang/", "file_as_bu": null, "narasumber": null, "sumber_air": null, "lasteditby": "mustofa", "valid": null, "keterangan": null }, "geometry": { "type": "MultiLineString", "coordinates": [ [ [ 102.36744813283768, -1.468937538590314 ], [ 102.368564775001616, -1.468967262498336 ] ] ] } },
{ "type": "Feature", "properties": { "id": 27, "diameter": 2.0, "jenis": "PVC", "length": 519.02, "kedalaman": null, "tahun_pasa": null, "tanggal_pa": null, "pelaksana": null, "sumber_dan": null, "jenis_jari": null, "as_built_d": "http://192.168.1.2/fotogis/asbuilt/pipa_pipa_terpasang/", "file_as_bu": null, "narasumber": null, "sumber_air": null, "lasteditby": "mustofa", "valid": null, "keterangan": null }, "geometry": { "type": "MultiLineString", "coordinates": [ [ [ 102.435809189482882, -1.465105629428404 ], [ 102.435718392358993, -1.465232969406273 ], [ 102.435544758994894, -1.465472495904426 ], [ 102.435221108564605, -1.465897079261638 ], [ 102.434922829301499, -1.466269437813798 ], [ 102.434581938454002, -1.466675624218875 ], [ 102.434494577328294, -1.466762334240719 ], [ 102.434486008782301, -1.466770868087866 ], [ 102.434405580905405, -1.466900937917245 ], [ 102.434131829272204, -1.467281775841399 ], [ 102.433817762732104, -1.467679396091686 ], [ 102.433476300767495, -1.468117585983204 ], [ 102.432924715835696, -1.468762615167554 ] ] ] } },
{ "type": "Feature", "properties": { "id": 275, "diameter": 6.0, "jenis": "PVC", "length": 26.26, "kedalaman": null, "tahun_pasa": null, "tanggal_pa": null, "pelaksana": null, "sumber_dan": "PDAM", "jenis_jari": "Distribusi", "as_built_d": "http://192.168.1.4/fotogis/muara_tebo/asbuilt/pipa_pipa_terpasang/", "file_as_bu": null, "narasumber": null, "sumber_air": null, "lasteditby": "mustofa", "valid": null, "keterangan": null }, "geometry": { "type": "MultiLineString", "coordinates": [ [ [ 102.402245730285074, -1.461291820626316 ], [ 102.40224140481287, -1.461328170805531 ], [ 102.402236087190275, -1.461527319405326 ] ] ] } },
{ "type": "Feature", "properties": { "id": 278, "diameter": 0.5, "jenis": null, "length": 28.05, "kedalaman": null, "tahun_pasa": null, "tanggal_pa": null, "pelaksana": null, "sumber_dan": null, "jenis_jari": null, "as_built_d": "http://192.168.1.4/fotogis/muara_tebo/asbuilt/pipa_pipa_terpasang/", "file_as_bu": null, "narasumber": null, "sumber_air": null, "lasteditby": "mustofa", "valid": null, "keterangan": null }, "geometry": { "type": "MultiLineString", "coordinates": [ [ [ 102.435336080214668, -1.463742809789131 ], [ 102.435469469520427, -1.463820006719165 ], [ 102.435445528567499, -1.463868015888573 ], [ 102.435463460794821, -1.463878295952919 ], [ 102.435447971902505, -1.463895943335465 ] ] ] } },
{ "type": "Feature", "properties": { "id": 279, "diameter": 2.0, "jenis": "PVC", "length": 111.69, "kedalaman": null, "tahun_pasa": null, "tanggal_pa": null, "pelaksana": null, "sumber_dan": null, "jenis_jari": null, "as_built_d": "http://192.168.1.4/fotogis/muara_tebo/asbuilt/pipa_pipa_terpasang/", "file_as_bu": null, "narasumber": null, "sumber_air": null, "lasteditby": "mustofa", "valid": null, "keterangan": null }, "geometry": { "type": "MultiLineString", "coordinates": [ [ [ 102.357590815912246, -1.465280983862393 ], [ 102.357716388730921, -1.46558515212065 ], [ 102.358228366064864, -1.465363751613575 ], [ 102.35826836641256, -1.465472915948542 ] ] ] } },
{ "type": "Feature", "properties": { "id": 163, "diameter": 4.0, "jenis": "PVC", "length": 964.99, "kedalaman": null, "tahun_pasa": null, "tanggal_pa": null, "pelaksana": null, "sumber_dan": null, "jenis_jari": null, "as_built_d": "http://192.168.1.2/fotogis/asbuilt/pipa_pipa_terpasang/", "file_as_bu": null, "narasumber": null, "sumber_air": null, "lasteditby": "mustofa", "valid": null, "keterangan": null }, "geometry": { "type": "MultiLineString", "coordinates": [ [ [ 102.444441656709259, -1.491738110860129 ], [ 102.444344487960336, -1.491683807099986 ], [ 102.44405137443124, -1.491508373438917 ], [ 102.443502674351976, -1.491145737565468 ], [ 102.443458772899405, -1.491168866949703 ], [ 102.443409163063862, -1.491189740252047 ], [ 102.443336491608989, -1.491219979186482 ], [ 102.443309424040436, -1.49099772642232 ], [ 102.443193595128648, -1.490728665598622 ], [ 102.443040665331239, -1.490364279056898 ], [ 102.442966209704039, -1.4901536285315 ], [ 102.442869900104739, -1.489871219147797 ], [ 102.442746026431635, -1.489522606253206 ], [ 102.442602057604645, -1.489093560156874 ], [ 102.442491800566145, -1.488692701097866 ], [ 102.44239834020604, -1.488363628510706 ], [ 102.442333634674043, -1.488081660868636 ], [ 102.442322458791935, -1.488053259002834 ], [ 102.442305509122335, -1.488000868116464 ], [ 102.44228879991104, -1.48795222462595 ], [ 102.442241698270834, -1.487641344536241 ], [ 102.442199977199337, -1.487242572354065 ], [ 102.442172757454543, -1.486867624988768 ], [ 102.442145134653742, -1.486556789169713 ], [ 102.442134083055038, -1.486374589571983 ], [ 102.442126591682438, -1.486267027197249 ], [ 102.442103159569939, -1.485864248504489 ], [ 102.442079132994493, -1.484554207616854 ], [ 102.442050676614329, -1.484029478095682 ] ] ] } },
{ "type": "Feature", "properties": { "id": 223, "diameter": 6.0, "jenis": "PVC", "length": 5790.35, "kedalaman": 100.0, "tahun_pasa": null, "tanggal_pa": null, "pelaksana": null, "sumber_dan": "APBN", "jenis_jari": "Distribusi", "as_built_d": "http://192.168.1.4/fotogis/muara_tebo/asbuilt/pipa_pipa_terpasang/", "file_as_bu": null, "narasumber": null, "sumber_air": null, "lasteditby": "mustofa", "valid": null, "keterangan": null }, "geometry": { "type": "MultiLineString", "coordinates": [ [ [ 102.411157653076714, -1.463002742427424 ], [ 102.406201422319697, -1.463537567328325 ], [ 102.405579793377299, -1.463475964460158 ], [ 102.405028167694184, -1.463114747642272 ], [ 102.404778956091135, -1.462823534083666 ], [ 102.404224530277617, -1.461644679197387 ], [ 102.403978118804957, -1.46142066876769 ], [ 102.40370370602858, -1.461308663552841 ], [ 102.403238884386965, -1.461297463031356 ], [ 102.402249832139475, -1.461291461760556 ], [ 102.401490160718851, -1.461309014260634 ], [ 102.393460829130674, -1.461490672026969 ], [ 102.392965206054967, -1.461574675938106 ], [ 102.392169969029538, -1.462210305532371 ], [ 102.391875955340552, -1.462493118699863 ], [ 102.39170514738791, -1.462607924045082 ], [ 102.391217924703312, -1.462697528216961 ], [ 102.390943511926935, -1.462759131085128 ], [ 102.390593495630526, -1.4629271389074 ], [ 102.390235078943007, -1.463131548424498 ], [ 102.388748209715914, -1.464187197574445 ], [ 102.387647758480014, -1.465074838902118 ], [ 102.38518644388374, -1.467372345871697 ], [ 102.38506603827777, -1.467506752129515 ], [ 102.384910631042175, -1.467814766470348 ], [ 102.384906430846627, -1.46811018022451 ], [ 102.38504363723483, -1.469060824485537 ], [ 102.384954033062954, -1.469326836870801 ], [ 102.384836427587359, -1.469441642216021 ], [ 102.38469922119917, -1.469511645475301 ], [ 102.384444409335401, -1.469548047170127 ], [ 102.38034641853713, -1.469611050103479 ], [ 102.379317370625685, -1.46964885186349 ], [ 102.378859549309993, -1.469630651016078 ], [ 102.378068512480112, -1.469588649060509 ], [ 102.376749651075244, -1.469037023377381 ], [ 102.376160223632112, -1.468838214121025 ], [ 102.375321584585933, -1.468730409101733 ], [ 102.374524947495331, -1.468793412035086 ], [ 102.373507100105385, -1.469020222595154 ], [ 102.373035278137834, -1.469275034458934 ], [ 102.372646060016251, -1.469627850885706 ], [ 102.372402448673967, -1.469769257469453 ], [ 102.372233040786512, -1.469809859359835 ], [ 102.371979628987887, -1.469822459946506 ], [ 102.368457064980888, -1.469721655253142 ], [ 102.365624733110394, -1.469630651016077 ], [ 102.365035305667263, -1.469594249321252 ], [ 102.364643849789289, -1.469576355502334 ] ] ] } },
{ "type": "Feature", "properties": { "id": 164, "diameter": 4.0, "jenis": "PVC", "length": 7083.87, "kedalaman": null, "tahun_pasa": null, "tanggal_pa": null, "pelaksana": null, "sumber_dan": null, "jenis_jari": null, "as_built_d": "http://192.168.1.2/fotogis/asbuilt/pipa_pipa_terpasang/", "file_as_bu": null, "narasumber": null, "sumber_air": null, "lasteditby": "sri", "valid": null, "keterangan": null }, "geometry": { "type": "MultiLineString", "coordinates": [ [ [ 102.41115770068383, -1.463027223036425 ], [ 102.411045695468985, -1.46303842355791 ], [ 102.410840352575093, -1.463071091745574 ], [ 102.410668611245654, -1.463087892527802 ], [ 102.41049967004659, -1.463109360193981 ], [ 102.410037648535351, -1.463169096308567 ], [ 102.409756702121456, -1.463204564626602 ], [ 102.409434687128751, -1.463243766451799 ], [ 102.409040802123201, -1.463279234769834 ], [ 102.408531178395648, -1.46333990426121 ], [ 102.407797836945079, -1.463439919812336 ], [ 102.407314108784391, -1.46349661372602 ], [ 102.406641097434303, -1.463558369226255 ], [ 102.406202514907548, -1.463605364135405 ], [ 102.405749633461681, -1.463587493394259 ], [ 102.405461323434608, -1.463512104969442 ], [ 102.405220632576999, -1.463385061725076 ], [ 102.404956420923, -1.463162705482241 ], [ 102.404738211495896, -1.462881436976509 ], [ 102.404544782444205, -1.462480869546287 ], [ 102.404323420328595, -1.461953193181109 ], [ 102.404166599620993, -1.461683063746756 ], [ 102.403918043711002, -1.461449076500156 ], [ 102.403731325255194, -1.461393179890316 ], [ 102.403547604395996, -1.461377863389217 ], [ 102.403152583309307, -1.461362697636511 ], [ 102.402661360992596, -1.461359554398362 ], [ 102.402125391839505, -1.461359141918583 ], [ 102.401890438114904, -1.461363679161605 ], [ 102.401228149144799, -1.461377208415849 ], [ 102.4005269496447, -1.461381302304394 ], [ 102.400132299454299, -1.461400197075174 ], [ 102.399741011191793, -1.461394043157073 ], [ 102.399129241585499, -1.461402299088938 ], [ 102.398600996507099, -1.461433086857401 ], [ 102.398028139166598, -1.461421228023043 ], [ 102.397337023886706, -1.461415643028395 ], [ 102.396806334739395, -1.461424757466637 ], [ 102.396168528062702, -1.461456778131203 ], [ 102.395589871185706, -1.461478768905581 ], [ 102.394767586975306, -1.461515749123525 ], [ 102.393970760664104, -1.461546998697568 ], [ 102.393296902048903, -1.461604684952379 ], [ 102.392996622073298, -1.461642818690106 ], [ 102.392930943220193, -1.461675255110552 ], [ 102.392596502347004, -1.461890785485492 ], [ 102.392333771698404, -1.462114761162741 ], [ 102.391995154820606, -1.462454497269305 ], [ 102.391889103414002, -1.46255712526507 ], [ 102.391692394958895, -1.46268358891775 ], [ 102.391273447075207, -1.462749654823481 ], [ 102.391069484261394, -1.462765082647894 ], [ 102.390873913047997, -1.462816392891992 ], [ 102.390572446818695, -1.462971328938998 ], [ 102.390155916145901, -1.463230930605594 ], [ 102.389677197251302, -1.463579737740428 ], [ 102.389052966158104, -1.464017642401198 ], [ 102.388540693544101, -1.464390813073071 ], [ 102.388135476796194, -1.464729661829179 ], [ 102.387681658072296, -1.465095026097341 ], [ 102.387293249093602, -1.46546591737277 ], [ 102.3869203025818, -1.465785724927161 ], [ 102.386455180697396, -1.466187672504917 ], [ 102.386090632302299, -1.466522225709783 ], [ 102.385737599396606, -1.466867273948942 ], [ 102.385351744271603, -1.46724006134762 ], [ 102.385072760354305, -1.467545015848031 ], [ 102.384923759705799, -1.467833924746862 ], [ 102.384911196012695, -1.468110335534601 ], [ 102.384973450851106, -1.468470020962742 ], [ 102.385078532447395, -1.469088510488159 ], [ 102.3850173003583, -1.469319799977717 ], [ 102.384880984436904, -1.469496594827913 ], [ 102.3846724472087, -1.469589617787022 ], [ 102.384452246286301, -1.46962126858821 ], [ 102.383894037139797, -1.469622941550203 ], [ 102.383279539490303, -1.4696086747027 ], [ 102.382582945406099, -1.469618804399279 ], [ 102.382135598238094, -1.46962053386348 ], [ 102.381550079472007, -1.469631056392743 ], [ 102.380965533852006, -1.469640557362856 ], [ 102.380165984193397, -1.469635158477396 ], [ 102.379644261923502, -1.469666825708299 ], [ 102.379287472308604, -1.469687497691935 ], [ 102.378845245197397, -1.469665067962111 ], [ 102.378597163472804, -1.469680461221204 ], [ 102.378414184136503, -1.469670078674836 ], [ 102.378037384705905, -1.469628054430418 ], [ 102.377521288748298, -1.469429343615031 ], [ 102.377068585707207, -1.469233119791718 ], [ 102.376725166399396, -1.469078992908377 ], [ 102.376114319461195, -1.468868525994563 ], [ 102.375656897088106, -1.468802977133836 ], [ 102.375284381401002, -1.468761718309421 ], [ 102.374842786715902, -1.468786112940707 ], [ 102.374508739638301, -1.468825847852494 ], [ 102.373894308456798, -1.468953866114508 ], [ 102.373495665876007, -1.469048249752003 ], [ 102.373168542763693, -1.469214885828686 ], [ 102.373025293619904, -1.46930682481086 ], [ 102.372640366627493, -1.469655430097856 ], [ 102.372403353672993, -1.469789449440174 ], [ 102.372221487006797, -1.469843470133844 ], [ 102.371930418368393, -1.469865927168811 ], [ 102.371245981522193, -1.46984402233842 ], [ 102.370642451679998, -1.469834053944831 ], [ 102.369864209278504, -1.469800451820131 ], [ 102.369096636924297, -1.469776598287646 ], [ 102.368233628555998, -1.469746010882814 ], [ 102.367370670057497, -1.469724264113187 ], [ 102.366603480652202, -1.469688706579974 ], [ 102.366000495693896, -1.469671057195141 ], [ 102.365396121760497, -1.469659756043809 ], [ 102.364806144583156, -1.469620138427332 ], [ 102.364640828472318, -1.469614094840777 ], [ 102.364575804983346, -1.469611727387732 ], [ 102.364260183849893, -1.469589095217156 ], [ 102.363623543178775, -1.469555519530924 ], [ 102.363250119219032, -1.469539852266893 ], [ 102.362661427887588, -1.469541553680928 ], [ 102.362372478386476, -1.469587340358751 ], [ 102.362051650419801, -1.469697714442792 ], [ 102.361851941025904, -1.46982453474352 ], [ 102.361639598568601, -1.470014509526116 ], [ 102.361354018201695, -1.470272674322468 ], [ 102.361019128062594, -1.470603866536349 ], [ 102.360667305062293, -1.470904869041495 ], [ 102.360562422220795, -1.470974348378564 ], [ 102.360497908207805, -1.470979889612207 ], [ 102.360420048177502, -1.470950428683862 ], [ 102.360197829646694, -1.47039919631783 ], [ 102.360103209935104, -1.470141538306138 ], [ 102.359544714393706, -1.468718586855065 ], [ 102.359101498848005, -1.467669803719294 ], [ 102.359048838667832, -1.467475393976418 ], [ 102.359130979538776, -1.46744395283442 ], [ 102.359526519257045, -1.467307477655783 ], [ 102.359548214354987, -1.467167327522875 ], [ 102.359527997750448, -1.466936250675584 ], [ 102.359297167502305, -1.46643254317074 ], [ 102.359082464274152, -1.465946828532052 ], [ 102.358851122282189, -1.465464995071269 ], [ 102.358757395965995, -1.465302927330083 ], [ 102.358595815359806, -1.464959176999735 ] ] ] } },
{ "type": "Feature", "properties": { "id": 280, "diameter": 2.0, "jenis": "PVC", "length": 903.99, "kedalaman": 50.0, "tahun_pasa": null, "tanggal_pa": null, "pelaksana": null, "sumber_dan": "APBN", "jenis_jari": "Distribusi", "as_built_d": "http://192.168.1.4/fotogis/muara_tebo/asbuilt/pipa_pipa_terpasang/", "file_as_bu": null, "narasumber": null, "sumber_air": null, "lasteditby": "mustofa", "valid": null, "keterangan": "crosing beton 3 titik" }, "geometry": { "type": "MultiLineString", "coordinates": [ [ [ 102.37882346991104, -1.469842664165266 ], [ 102.378808021397347, -1.470019463380475 ], [ 102.378591145254902, -1.47054724588095 ], [ 102.378322704155536, -1.471178158295312 ], [ 102.378233223789053, -1.471405650752413 ], [ 102.378190758530394, -1.471557312390481 ], [ 102.378036063659565, -1.472245856227308 ], [ 102.378020897495759, -1.472338369826529 ], [ 102.378130093875171, -1.473384835129196 ], [ 102.378154359737238, -1.473679058707048 ], [ 102.3781498098881, -1.473791288319218 ], [ 102.378133127107915, -1.47386408590549 ], [ 102.378093695082015, -1.473936883491763 ], [ 102.378025447344882, -1.474012714310797 ], [ 102.377025997150042, -1.474796804979607 ], [ 102.376942583249104, -1.474898418277112 ], [ 102.376884951826639, -1.474980315561669 ], [ 102.376848553033497, -1.475066762695367 ], [ 102.37681063762399, -1.475194158471344 ], [ 102.376637743356582, -1.476172376036881 ], [ 102.376545229757369, -1.476713808084783 ], [ 102.376465996197965, -1.477200180241777 ] ] ] } },
{ "type": "Feature", "properties": { "id": 277, "diameter": 6.0, "jenis": "PVC", "length": 2.98, "kedalaman": null, "tahun_pasa": null, "tanggal_pa": null, "pelaksana": null, "sumber_dan": null, "jenis_jari": null, "as_built_d": "http://192.168.1.4/fotogis/muara_tebo/asbuilt/pipa_pipa_terpasang/", "file_as_bu": null, "narasumber": null, "sumber_air": null, "lasteditby": "sri", "valid": null, "keterangan": null }, "geometry": { "type": "MultiLineString", "coordinates": [ [ [ 102.364640687950725, -1.469587374962206 ], [ 102.364640828472318, -1.469614094840777 ] ] ] } },
{ "type": "Feature", "properties": { "id": 282, "diameter": 10.0, "jenis": "HDPE", "length": 416.56, "kedalaman": null, "tahun_pasa": null, "tanggal_pa": null, "pelaksana": null, "sumber_dan": null, "jenis_jari": null, "as_built_d": "http://192.168.1.4/fotogis/muara_tebo/asbuilt/pipa_pipa_terpasang/", "file_as_bu": null, "narasumber": null, "sumber_air": null, "lasteditby": "mustofa", "valid": null, "keterangan": null }, "geometry": { "type": "MultiLineString", "coordinates": [ [ [ 102.404514909000525, -1.462353619371742 ], [ 102.404266324475159, -1.46179773231583 ], [ 102.404179512452885, -1.461634999001228 ], [ 102.403952328929861, -1.461425301946877 ], [ 102.403692605140122, -1.461317686593678 ], [ 102.403503231677462, -1.461303151181089 ], [ 102.403219915411384, -1.461298315815192 ], [ 102.402741933899733, -1.461303105869618 ], [ 102.402121118229175, -1.461317430060974 ], [ 102.401479467246773, -1.461330614873181 ], [ 102.401395913140888, -1.461332140620824 ], [ 102.401335469428247, -1.461332192247318 ] ] ] } },
{ "type": "Feature", "properties": { "id": 283, "diameter": 6.0, "jenis": "PVC", "length": 2.33, "kedalaman": null, "tahun_pasa": null, "tanggal_pa": null, "pelaksana": null, "sumber_dan": "PDAM", "jenis_jari": "Distribusi", "as_built_d": "http://192.168.1.4/fotogis/muara_tebo/asbuilt/pipa_pipa_terpasang/", "file_as_bu": null, "narasumber": null, "sumber_air": null, "lasteditby": "mustofa", "valid": null, "keterangan": null }, "geometry": { "type": "MultiLineString", "coordinates": [ [ [ 102.401419939783153, -1.461331174144207 ], [ 102.401418457370099, -1.46131029314579 ] ] ] } },
{ "type": "Feature", "properties": { "id": 194, "diameter": 6.0, "jenis": "PVC", "length": 4226.81, "kedalaman": null, "tahun_pasa": null, "tanggal_pa": null, "pelaksana": null, "sumber_dan": null, "jenis_jari": null, "as_built_d": "http://192.168.1.2/fotogis/asbuilt/pipa_pipa_terpasang/", "file_as_bu": null, "narasumber": null, "sumber_air": null, "lasteditby": "mustofa", "valid": null, "keterangan": null }, "geometry": { "type": "MultiLineString", "coordinates": [ [ [ 102.444687797324107, -1.480548241783675 ], [ 102.44465855025274, -1.480506867998023 ], [ 102.444504082629891, -1.480565779155837 ], [ 102.444659481453826, -1.480894125379007 ], [ 102.444765186844506, -1.481081824022303 ], [ 102.444801837843116, -1.481144534036245 ], [ 102.444843850821314, -1.48121883869372 ], [ 102.444813167912528, -1.481240560548633 ], [ 102.444798307870386, -1.481250647148427 ], [ 102.444767894961174, -1.481273094174204 ], [ 102.444728752485716, -1.48129672940259 ], [ 102.444676887766633, -1.481323233263966 ], [ 102.444618574494669, -1.481338912096922 ], [ 102.444487417813832, -1.481364956558566 ], [ 102.444453611952952, -1.481367982832786 ], [ 102.444398462610295, -1.481365050930191 ], [ 102.44437320254805, -1.481365064270635 ], [ 102.444214731761988, -1.481359690909691 ], [ 102.444139372450451, -1.481350821593942 ], [ 102.443955177030759, -1.481335102249642 ], [ 102.44372450690534, -1.481307986514019 ], [ 102.443662100493327, -1.481301622178449 ], [ 102.443358147219286, -1.481258179062267 ], [ 102.443103884371027, -1.481221303233281 ], [ 102.442834750402582, -1.481191185776799 ], [ 102.442640704870627, -1.481177237758653 ], [ 102.442419197031398, -1.481109300094342 ], [ 102.442287400787862, -1.481027146811339 ], [ 102.442198683492165, -1.480917576230458 ], [ 102.442124672853495, -1.480438473491414 ], [ 102.442073387598796, -1.479460225027724 ], [ 102.442042859579999, -1.4783671791162 ], [ 102.44201521965357, -1.477910142186874 ], [ 102.442012203242356, -1.477393001263609 ], [ 102.44199826341044, -1.476859403669974 ], [ 102.441963412781305, -1.47577825408295 ], [ 102.441943386950541, -1.47471342745997 ], [ 102.441920915208797, -1.473970494787422 ], [ 102.441894240159073, -1.473226558035865 ], [ 102.441888782834127, -1.472756500955027 ], [ 102.441868437122807, -1.472116268839028 ], [ 102.441852600818379, -1.471496219513066 ], [ 102.441837138497803, -1.470911804808599 ], [ 102.441818917582211, -1.470484019021289 ], [ 102.441794847460656, -1.469628736883131 ], [ 102.441766544961865, -1.469000961958699 ], [ 102.44173940821571, -1.468919838697726 ], [ 102.441711856777999, -1.468872150685013 ], [ 102.441688779800728, -1.468837430794717 ], [ 102.441641688380187, -1.468758476989421 ], [ 102.441558697338721, -1.468675189452969 ], [ 102.44137658435983, -1.468527838433233 ], [ 102.441114849289775, -1.468369640661199 ], [ 102.440976892601398, -1.46826889601743 ], [ 102.44072489843947, -1.468120236816236 ], [ 102.440334929559228, -1.467836693381964 ], [ 102.439819093133579, -1.467489703905288 ], [ 102.439326620760937, -1.467167070961404 ], [ 102.438636214901607, -1.466668153242623 ], [ 102.438034452487102, -1.466313692090687 ], [ 102.437511138740703, -1.465966540652785 ], [ 102.436782294544997, -1.465479063508104 ], [ 102.4363551286297, -1.465182152195252 ], [ 102.435808893635283, -1.464808190783796 ], [ 102.435269161754803, -1.464455843987447 ], [ 102.434611269049569, -1.464030223272643 ], [ 102.434156138693496, -1.463725947916655 ], [ 102.433864496586963, -1.4635351985434 ], [ 102.433579755929728, -1.463340629538843 ], [ 102.433363141133029, -1.463198789241192 ], [ 102.432861125986491, -1.46299267888034 ], [ 102.432493690013899, -1.462957262431411 ], [ 102.432061279064996, -1.462954518413006 ], [ 102.431412781818096, -1.462949486066712 ], [ 102.430593596858799, -1.46293338734785 ], [ 102.430135654889895, -1.462925427420207 ], [ 102.429672295262804, -1.462911975252459 ], [ 102.429331819480296, -1.462906999502317 ], [ 102.429192414533603, -1.462908984390285 ], [ 102.429205738946607, -1.463033452034379 ], [ 102.429209191424604, -1.463082520763191 ], [ 102.429208043452405, -1.463117413693881 ], [ 102.428918528584305, -1.463108098228001 ], [ 102.428359754730494, -1.463092990762516 ], [ 102.427955920227703, -1.463082319329117 ], [ 102.427543213672706, -1.463080080901784 ], [ 102.427488499935407, -1.463520679595325 ], [ 102.427406904146736, -1.464033754357338 ], [ 102.427330442364237, -1.464638368325742 ], [ 102.427338925759145, -1.464965334706272 ], [ 102.427388384216485, -1.465136360489361 ], [ 102.427447290796977, -1.465464664686128 ], [ 102.427532654968431, -1.465980380164441 ], [ 102.427599173974144, -1.466395694779015 ], [ 102.427680776871867, -1.466835561454146 ], [ 102.427781991156564, -1.467417444189193 ], [ 102.427854073511483, -1.46779777643363 ], [ 102.42786410939415, -1.468011058840259 ], [ 102.427604402604842, -1.468013915683086 ], [ 102.427221384991398, -1.467986525970341 ], [ 102.427063922347017, -1.467961732539147 ], [ 102.426996560597388, -1.467957476026619 ], [ 102.426951447137895, -1.467952288031119 ], [ 102.426899584992384, -1.467939570547559 ] ] ] } },
{ "type": "Feature", "properties": { "id": 150, "diameter": 3.0, "jenis": "PVC", "length": 2388.37, "kedalaman": null, "tahun_pasa": null, "tanggal_pa": null, "pelaksana": null, "sumber_dan": null, "jenis_jari": null, "as_built_d": "http://192.168.1.2/fotogis/asbuilt/pipa_pipa_terpasang/", "file_as_bu": null, "narasumber": null, "sumber_air": null, "lasteditby": "mustofa", "valid": null, "keterangan": null }, "geometry": { "type": "MultiLineString", "coordinates": [ [ [ 102.449709322057345, -1.488665459578748 ], [ 102.449715169655036, -1.48870713931382 ], [ 102.449967368206671, -1.488699627647784 ], [ 102.450210931491981, -1.488690445994959 ], [ 102.45053282921306, -1.488675623704387 ], [ 102.450800636221487, -1.488645523571719 ], [ 102.451019316649592, -1.488636093412115 ], [ 102.451224856728203, -1.488616439822441 ], [ 102.451476612910099, -1.488595652183488 ], [ 102.451765316000902, -1.488579194866904 ], [ 102.451889592195101, -1.488580115245371 ], [ 102.452046331045494, -1.488586966077186 ], [ 102.452258497373904, -1.488629633142468 ], [ 102.452536550763099, -1.488697039067286 ], [ 102.452657338858302, -1.488724305548243 ], [ 102.452938542564695, -1.488822934036201 ], [ 102.453282333189804, -1.488950819824389 ], [ 102.453422955422894, -1.488996612465831 ], [ 102.453670498004897, -1.489113468773727 ], [ 102.453940620944294, -1.48925133825873 ], [ 102.454183727743597, -1.489327542669729 ], [ 102.454440035777395, -1.489421797603889 ], [ 102.454723537641001, -1.489506842175118 ], [ 102.454991167838102, -1.489588865419601 ], [ 102.455177792341303, -1.489646875421811 ], [ 102.455373361310905, -1.489695935400889 ], [ 102.455601832402195, -1.489792558908221 ], [ 102.455935361117696, -1.489924708138135 ], [ 102.456073811337802, -1.489975924117917 ], [ 102.456231491299505, -1.490047984256782 ], [ 102.456444372974204, -1.490134062523607 ], [ 102.456693327804899, -1.490246293913283 ], [ 102.457011006522706, -1.49040001689366 ], [ 102.457332078496606, -1.490547227575243 ], [ 102.457616614941202, -1.490688995194536 ], [ 102.457908352291497, -1.490820467333173 ], [ 102.457956748016898, -1.490837816890278 ], [ 102.458094706099303, -1.490874551607298 ], [ 102.458293744989405, -1.490949228997094 ], [ 102.458409152927103, -1.491001210998455 ], [ 102.458606790500298, -1.491087050005861 ], [ 102.458748282646397, -1.491140398270317 ], [ 102.458957287563507, -1.491214824377216 ], [ 102.459173622218501, -1.491286596472081 ], [ 102.459308646069502, -1.491325394737475 ], [ 102.459558202279496, -1.491402791105505 ], [ 102.459737732809501, -1.491463889423921 ], [ 102.459928573017393, -1.491533241881455 ], [ 102.460015735541504, -1.491584756578718 ], [ 102.460073919937301, -1.49162522888923 ], [ 102.460159983121699, -1.491669417569185 ], [ 102.460284760951978, -1.491583360590005 ], [ 102.460299441429541, -1.49156682905913 ], [ 102.460334283814177, -1.491495636459627 ], [ 102.460383431350905, -1.491426720405478 ], [ 102.460531373680993, -1.491390226827582 ], [ 102.460735608310102, -1.491393413281969 ], [ 102.460933921237697, -1.491437800301449 ], [ 102.461208135577294, -1.491444999206832 ], [ 102.461394013136001, -1.491466783424282 ], [ 102.461589064119295, -1.491478547731741 ], [ 102.461938068114705, -1.491479836188093 ], [ 102.462087949449895, -1.49148458019536 ], [ 102.462295438359106, -1.491436552462781 ], [ 102.462519781817505, -1.491372853101657 ], [ 102.462771894287201, -1.491286438736783 ], [ 102.463051224733704, -1.491160945717012 ], [ 102.463278478900094, -1.491072967306692 ], [ 102.463467208089398, -1.491040656841047 ], [ 102.463660418363901, -1.490997233463469 ], [ 102.463824607465895, -1.490956473669565 ], [ 102.464025286992793, -1.490875579558024 ], [ 102.464205943383007, -1.490795540804752 ], [ 102.464422267671793, -1.490658214743806 ], [ 102.464547042875495, -1.490591467792595 ], [ 102.464485263869094, -1.490524724677268 ], [ 102.464552578673207, -1.490481445530344 ], [ 102.464659558855402, -1.490426337565454 ], [ 102.464728489605307, -1.490379095280473 ], [ 102.464876920672395, -1.490272562205804 ], [ 102.464980516731799, -1.490192795575053 ], [ 102.465076858435495, -1.490084222189322 ], [ 102.465237836986404, -1.489898604566974 ], [ 102.465305533857006, -1.489778890420517 ], [ 102.465389607224395, -1.489671248774994 ], [ 102.465463656575395, -1.48956113562878 ], [ 102.465575866868704, -1.489480987496834 ], [ 102.465703784868595, -1.489340381509771 ], [ 102.465869181190897, -1.489048057416194 ], [ 102.465968297436902, -1.488806059115881 ], [ 102.466174102139888, -1.488252928084349 ], [ 102.466355544865209, -1.487889563005844 ], [ 102.466527844990367, -1.487421697529402 ], [ 102.466732082635048, -1.486987892977194 ], [ 102.466863233951514, -1.48668157796274 ], [ 102.46695598160872, -1.486357562778752 ], [ 102.467050932608615, -1.486118911298094 ], [ 102.467123023554095, -1.485934909948949 ], [ 102.467172973300137, -1.485768640744524 ] ] ] } }
]
}
